n,ic0,ic1,rank_ic0,rank_ic1,date,delta_ic,delta_rank_ic,fold,factor,residual_ic
1383.0,-0.05656014177733378,-0.04190163973811822,0.007344882545382596,0.058106212560738286,2020-01-23,0.014658502039215565,0.05076133001535569,fold1,limit_up_count_20,
1725.0,0.009597363328254335,-0.03856007041201668,0.04830147064874413,0.013453944809105403,2020-02-28,-0.04815743374027101,-0.034847525839638724,fold1,limit_up_count_20,
1857.0,0.07120601376621263,0.10858187452167564,0.09332066738956876,0.14420307249452263,2020-03-31,0.03737586075546301,0.05088240510495387,fold1,limit_up_count_20,
1409.0,-0.0369831956926793,-0.04919020319949202,-0.01046886961067199,-0.008432556938483868,2020-04-30,-0.012207007506812723,0.002036312672188123,fold1,limit_up_count_20,
1358.0,0.00619148577642088,0.020397639756435628,-0.013787903831708689,0.03534825132362089,2020-05-29,0.014206153980014749,0.04913615515532958,fold1,limit_up_count_20,
1425.0,0.011860820756339298,0.012962706554471529,0.006872984425515598,0.014118940043382738,2020-06-30,0.0011018857981322308,0.00724595561786714,fold1,limit_up_count_20,
2085.0,0.12392312908472747,0.11771816289427121,0.15399999824249055,0.1470895053317442,2020-07-31,-0.006204966190456254,-0.0069104929107463575,fold1,limit_up_count_20,
2058.0,-0.03210946922924628,-0.04414265692413774,0.011984043796222095,-0.010716184917519234,2020-08-31,-0.012033187694891458,-0.02270022871374133,fold1,limit_up_count_20,
1743.0,-0.032509846781176154,0.047887388687361726,-0.015638637187739786,0.06007070319832647,2020-09-30,0.08039723546853789,0.07570934038606625,fold1,limit_up_count_20,
1496.0,0.08116528519582814,0.005622370286470169,0.08633691761780975,-0.018089726498887897,2020-10-30,-0.07554291490935797,-0.10442664411669764,fold1,limit_up_count_20,
1644.0,-0.005342738964095117,0.1365116089479991,0.045609926473708436,0.15867433067951303,2020-11-30,0.14185434791209423,0.1130644042058046,fold1,limit_up_count_20,
1549.0,-0.006238043466976347,0.014396722370538882,-0.006886410578159798,0.03898715743729455,2021-01-29,0.02063476583751523,0.04587356801545435,fold2,limit_up_count_20,
1423.0,0.025159406772865364,0.08251962606966486,0.003023363180593238,0.06808365442999587,2021-02-26,0.05736021929679949,0.06506029124940263,fold2,limit_up_count_20,
1469.0,0.13073580711939986,0.12516466541724136,0.15250768882676427,0.1322139700159002,2021-03-31,-0.0055711417021585,-0.02029371881086406,fold2,limit_up_count_20,
1443.0,-0.0371106146305024,-0.06399351583798506,-0.045333437629164586,-0.08877580775177007,2021-04-30,-0.026882901207482657,-0.04344237012260549,fold2,limit_up_count_20,
1510.0,0.04119446488364553,0.03653321411612271,0.062482056481457625,0.056218270993185486,2021-05-31,-0.004661250767522822,-0.006263785488272139,fold2,limit_up_count_20,
1702.0,0.034867714599210634,-0.034758617512143396,0.03179909808683955,-0.042079246662877136,2021-06-30,-0.06962633211135402,-0.07387834474971669,fold2,limit_up_count_20,
1819.0,0.035023856416728914,-0.02301733112981522,0.058854814366538895,-0.008400532148087463,2021-07-30,-0.05804118754654414,-0.06725534651462636,fold2,limit_up_count_20,
1977.0,0.06274579886767101,0.099231539985274,0.025811921873174774,0.08206939062986648,2021-08-31,0.036485741117602985,0.056257468756691714,fold2,limit_up_count_20,
2121.0,0.12961786796086447,0.15998689505494984,0.14118165042897352,0.19060497076923202,2021-09-30,0.03036902709408537,0.04942332034025851,fold2,limit_up_count_20,
1792.0,0.06073424953642148,0.13862596811541683,0.04482643382285687,0.14956858375645693,2021-10-29,0.07789171857899535,0.10474214993360006,fold2,limit_up_count_20,
1976.0,0.044546840962735715,0.0920987377452351,0.015382807531214463,0.12665521317873704,2021-11-30,0.04755189678249938,0.11127240564752258,fold2,limit_up_count_20,
2269.0,0.009319149088505964,0.03444905236829142,0.02062278684853676,0.02802031249037756,2022-01-28,0.025129903279785454,0.007397525641840801,fold3,limit_up_count_20,
1951.0,-0.04879255808401203,-0.20292172250998938,-0.055885038606598186,-0.20068875267213854,2022-02-28,-0.15412916442597735,-0.14480371406554035,fold3,limit_up_count_20,
2065.0,0.2226890601563339,0.180033828752566,0.25239888899221524,0.13886590770095314,2022-03-31,-0.042655231403767924,-0.1135329812912621,fold3,limit_up_count_20,
1923.0,0.16449295110820178,0.177506120500765,0.24760149992805267,0.28056018728551985,2022-04-29,0.013013169392563223,0.03295868735746718,fold3,limit_up_count_20,
1833.0,0.1052172980490801,0.10322274371753716,0.09614944069786016,0.12327710839683147,2022-05-31,-0.0019945543315429415,0.027127667698971306,fold3,limit_up_count_20,
2161.0,-0.21712126089916572,-0.1990643198964755,-0.16409293834924576,-0.12600163427738825,2022-06-30,0.01805694100269023,0.03809130407185751,fold3,limit_up_count_20,
2167.0,0.054205492725580305,0.05400704977102191,0.04180521060086617,0.032305971219050475,2022-07-29,-0.00019844295455839767,-0.009499239381815697,fold3,limit_up_count_20,
2199.0,-0.013900931706686992,-0.01070623198002134,0.02999341291739902,0.049525533567746284,2022-08-31,0.0031946997266656518,0.019532120650347266,fold3,limit_up_count_20,
1872.0,0.15000205701731478,0.12734564793349717,0.17964633896201296,0.12171560770191037,2022-09-30,-0.022656409083817608,-0.05793073126010259,fold3,limit_up_count_20,
1688.0,0.03469604520080074,0.06926919937232705,0.06050483508882846,0.10008108142575682,2022-10-31,0.03457315417152631,0.03957624633692836,fold3,limit_up_count_20,
2117.0,0.09428078435265892,0.0760847201200592,0.11625674105116726,0.09324968520292183,2022-11-30,-0.01819606423259973,-0.02300705584824543,fold3,limit_up_count_20,
1715.0,0.037494743582206655,0.05742708050979181,0.03996019256707863,0.0694793356240662,2023-01-31,0.019932336927585156,0.029519143056987572,fold4,limit_up_count_20,
2135.0,-0.11865531618150317,-0.06530533070020796,-0.08952444728408479,-0.06959644572685528,2023-02-28,0.053349985481295215,0.019928001557229513,fold4,limit_up_count_20,
2004.0,-0.002763057128376649,0.018314381707365227,0.02553456688559175,0.03160008073946395,2023-03-31,0.021077438835741875,0.0060655138538722,fold4,limit_up_count_20,
2105.0,0.05603002673583676,0.039574955802120095,0.05534909500004731,0.0450408407660319,2023-04-28,-0.01645507093371667,-0.010308254234015407,fold4,limit_up_count_20,
2000.0,-0.01702994362194987,-0.007944435446226247,-0.010559278614987202,0.01026511952821027,2023-05-31,0.009085508175723622,0.020824398143197472,fold4,limit_up_count_20,
1953.0,0.15347899391127479,0.12187794687922211,0.1539298023585961,0.10768974035277253,2023-06-30,-0.03160104703205267,-0.046240062005823576,fold4,limit_up_count_20,
2029.0,-0.049908930607574224,-0.046328093959535646,-0.04214551436147122,-0.05309586514454814,2023-07-31,0.003580836648038578,-0.01095035078307692,fold4,limit_up_count_20,
1850.0,0.16376637619301876,0.09543663712548923,0.15762183310691047,0.05666440477559201,2023-08-31,-0.06832973906752952,-0.10095742833131846,fold4,limit_up_count_20,
1783.0,0.06176964541812974,-0.015394989498557795,0.06046173581254537,-0.04826628200368314,2023-09-28,-0.07716463491668753,-0.10872801781622851,fold4,limit_up_count_20,
1781.0,-0.02537504180401288,-0.0012233724048483227,-0.060463005666701396,-0.018827950227071018,2023-10-31,0.02415166939916456,0.04163505543963038,fold4,limit_up_count_20,
2040.0,0.14542940168076968,0.1049457200243898,0.1419804655811185,0.07256828867837188,2023-11-30,-0.040483681656379875,-0.0694121769027466,fold4,limit_up_count_20,
,,,,,2018-01-31,,,,limit_up_count_20,-0.19535046134966258
,,,,,2018-02-28,,,,limit_up_count_20,-0.13504800250227392
,,,,,2018-03-30,,,,limit_up_count_20,0.0533630837711926
,,,,,2018-04-27,,,,limit_up_count_20,0.026275415783715183
,,,,,2018-05-31,,,,limit_up_count_20,-0.05265183152368452
,,,,,2018-06-29,,,,limit_up_count_20,-0.028996036978155094
,,,,,2018-07-31,,,,limit_up_count_20,0.026085078167978577
,,,,,2018-08-31,,,,limit_up_count_20,0.05445580978713239
,,,,,2018-09-28,,,,limit_up_count_20,0.03472397071627499
,,,,,2018-10-31,,,,limit_up_count_20,0.05501445204083769
,,,,,2018-11-30,,,,limit_up_count_20,0.053489866112967535
,,,,,2018-12-28,,,,limit_up_count_20,0.005734702490667594
,,,,,2019-01-31,,,,limit_up_count_20,-0.044136234120620996
,,,,,2019-02-28,,,,limit_up_count_20,-0.07981280130385641
,,,,,2019-03-29,,,,limit_up_count_20,0.006477439546913304
,,,,,2019-04-30,,,,limit_up_count_20,0.04296187825950281
,,,,,2019-05-31,,,,limit_up_count_20,-0.012680558155759754
,,,,,2019-06-28,,,,limit_up_count_20,-0.10237739825918211
,,,,,2019-07-31,,,,limit_up_count_20,0.02204908777203021
,,,,,2019-08-30,,,,limit_up_count_20,-0.0403255607723598
,,,,,2019-09-30,,,,limit_up_count_20,0.051766510993745456
,,,,,2019-10-31,,,,limit_up_count_20,0.024386224616913567
,,,,,2019-11-29,,,,limit_up_count_20,-0.01587080288525904
,,,,,2019-12-31,,,,limit_up_count_20,0.05534586953002752
,,,,,2020-01-23,,,,limit_up_count_20,0.02019198260309801
,,,,,2020-02-28,,,,limit_up_count_20,0.017583425711369435
,,,,,2020-03-31,,,,limit_up_count_20,-0.024122091172171813
,,,,,2020-04-30,,,,limit_up_count_20,0.010763394993174136
,,,,,2020-05-29,,,,limit_up_count_20,0.02615167943791554
,,,,,2020-06-30,,,,limit_up_count_20,0.004920738282965809
,,,,,2020-07-31,,,,limit_up_count_20,-0.015503801494830724
,,,,,2020-08-31,,,,limit_up_count_20,-0.01013795917803941
,,,,,2020-09-30,,,,limit_up_count_20,-0.03559950549577934
,,,,,2020-10-30,,,,limit_up_count_20,-0.039480971059309436
,,,,,2020-11-30,,,,limit_up_count_20,0.0010838489294839986
,,,,,2020-12-31,,,,limit_up_count_20,0.022140879484363177
,,,,,2021-01-29,,,,limit_up_count_20,-0.03591604056332809
,,,,,2021-02-26,,,,limit_up_count_20,0.016131007698855702
,,,,,2021-03-31,,,,limit_up_count_20,0.026410070573295127
,,,,,2021-04-30,,,,limit_up_count_20,-0.04682644112480094
,,,,,2021-05-31,,,,limit_up_count_20,-0.1065863669598995
,,,,,2021-06-30,,,,limit_up_count_20,0.023794174484793443
,,,,,2021-07-30,,,,limit_up_count_20,0.07157845640635638
,,,,,2021-08-31,,,,limit_up_count_20,0.016546760791246926
,,,,,2021-09-30,,,,limit_up_count_20,0.011585633427315944
,,,,,2021-10-29,,,,limit_up_count_20,0.014742057667452136
,,,,,2021-11-30,,,,limit_up_count_20,-0.009087009802007377
,,,,,2021-12-31,,,,limit_up_count_20,0.04020364989977555
,,,,,2022-01-28,,,,limit_up_count_20,-0.0028111349047492047
,,,,,2022-02-28,,,,limit_up_count_20,0.028160486608779397
,,,,,2022-03-31,,,,limit_up_count_20,-0.031145434091429728
,,,,,2022-04-29,,,,limit_up_count_20,-0.05426817518097079
,,,,,2022-05-31,,,,limit_up_count_20,-0.06655336083612717
,,,,,2022-06-30,,,,limit_up_count_20,0.05572299429908036
,,,,,2022-07-29,,,,limit_up_count_20,-0.006266951513974553
,,,,,2022-08-31,,,,limit_up_count_20,-0.020715161963935434
,,,,,2022-09-30,,,,limit_up_count_20,-0.011602743399164051
,,,,,2022-10-31,,,,limit_up_count_20,-0.0033931259823543666
,,,,,2022-11-30,,,,limit_up_count_20,0.003257946140586334
,,,,,2022-12-30,,,,limit_up_count_20,0.01416115737223696
,,,,,2023-01-31,,,,limit_up_count_20,0.047216306249129085
,,,,,2023-02-28,,,,limit_up_count_20,0.03635513181036526
,,,,,2023-03-31,,,,limit_up_count_20,-0.016893913277718695
,,,,,2023-04-28,,,,limit_up_count_20,0.004532848990524729
,,,,,2023-05-31,,,,limit_up_count_20,-0.04316028186752908
,,,,,2023-06-30,,,,limit_up_count_20,0.00707639762844974
,,,,,2023-07-31,,,,limit_up_count_20,0.07379939184447988
,,,,,2023-08-31,,,,limit_up_count_20,-0.0003293893635382716
,,,,,2023-09-28,,,,limit_up_count_20,0.02402992965955003
,,,,,2023-10-31,,,,limit_up_count_20,-0.02255374944151919
,,,,,2023-11-30,,,,limit_up_count_20,0.027448598537565014
1383.0,-0.05656014177733378,-0.08361320147036998,0.007344882545382596,-0.01872144685393621,2020-01-23,-0.027053059693036195,-0.026066329399318806,fold1,max_return_20,
1725.0,0.009597363328254335,0.0060577246891235816,0.04830147064874413,0.04294512031815533,2020-02-28,-0.003539638639130753,-0.005356350330588795,fold1,max_return_20,
1857.0,0.07120601376621263,0.08612749602014577,0.09332066738956876,0.10070784055576738,2020-03-31,0.014921482253933138,0.007387173166198621,fold1,max_return_20,
1409.0,-0.0369831956926793,-0.03806406805627439,-0.01046886961067199,0.0033612246545527353,2020-04-30,-0.0010808723635950881,0.013830094265224725,fold1,max_return_20,
1358.0,0.00619148577642088,0.0024470129811850197,-0.013787903831708689,0.0007386160146398781,2020-05-29,-0.0037444727952358602,0.014526519846348568,fold1,max_return_20,
1425.0,0.011860820756339298,0.017026461230028912,0.006872984425515598,0.012750566187413822,2020-06-30,0.005165640473689614,0.005877581761898224,fold1,max_return_20,
2085.0,0.12392312908472747,0.11542775091003123,0.15399999824249055,0.14451228323255222,2020-07-31,-0.008495378174696241,-0.009487715009938336,fold1,max_return_20,
2058.0,-0.03210946922924628,-0.049032360141818124,0.011984043796222095,-0.005825277160475429,2020-08-31,-0.01692289091257184,-0.017809320956697523,fold1,max_return_20,
1743.0,-0.032509846781176154,-0.02449290352790069,-0.015638637187739786,-0.008920644126198933,2020-09-30,0.008016943253275465,0.0067179930615408525,fold1,max_return_20,
1496.0,0.08116528519582814,0.049220574092132575,0.08633691761780975,0.05740807785000968,2020-10-30,-0.03194471110369556,-0.028928839767800064,fold1,max_return_20,
1644.0,-0.005342738964095117,-0.0016578908100868264,0.045609926473708436,0.05286329418800342,2020-11-30,0.0036848481540082906,0.007253367714294981,fold1,max_return_20,
1549.0,-0.006238043466976347,-0.009071883363181047,-0.006886410578159798,-0.011343600064688894,2021-01-29,-0.0028338398962047,-0.004457189486529096,fold2,max_return_20,
1423.0,0.025159406772865364,0.03685498444449547,0.003023363180593238,0.01786826388481997,2021-02-26,0.011695577671630104,0.014844900704226732,fold2,max_return_20,
1469.0,0.13073580711939986,0.11335998788614217,0.15250768882676427,0.13614713984010196,2021-03-31,-0.01737581923325769,-0.01636054898666231,fold2,max_return_20,
1443.0,-0.0371106146305024,-0.026178905496279145,-0.045333437629164586,-0.04673430248128481,2021-04-30,0.010931709134223255,-0.0014008648521202233,fold2,max_return_20,
1510.0,0.04119446488364553,0.059546718256992114,0.062482056481457625,0.07506285972570592,2021-05-31,0.018352253373346582,0.012580803244248297,fold2,max_return_20,
1702.0,0.034867714599210634,0.033802575689860385,0.03179909808683955,0.036335937563932656,2021-06-30,-0.001065138909350248,0.004536839477093109,fold2,max_return_20,
1819.0,0.035023856416728914,0.008616831424020263,0.058854814366538895,0.037923433750709945,2021-07-30,-0.026407024992708653,-0.02093138061582895,fold2,max_return_20,
1977.0,0.06274579886767101,0.045202433001068694,0.025811921873174774,0.007741383776910017,2021-08-31,-0.017543365866602316,-0.018070538096264757,fold2,max_return_20,
2121.0,0.12961786796086447,0.1349924710065166,0.14118165042897352,0.1513101922005535,2021-09-30,0.0053746030456521265,0.010128541771579985,fold2,max_return_20,
1792.0,0.06073424953642148,0.07029143967563373,0.04482643382285687,0.06263619540182282,2021-10-29,0.009557190139212246,0.017809761578965945,fold2,max_return_20,
1976.0,0.044546840962735715,0.05858989587015687,0.015382807531214463,0.03677250817926285,2021-11-30,0.014043054907421158,0.021389700648048387,fold2,max_return_20,
2269.0,0.009319149088505964,0.0018795941645191367,0.02062278684853676,0.027997790972319792,2022-01-28,-0.007439554923986827,0.007375004123783033,fold3,max_return_20,
1951.0,-0.04879255808401203,-0.04589945080883681,-0.055885038606598186,-0.04892286380804928,2022-02-28,0.002893107275175222,0.006962174798548909,fold3,max_return_20,
2065.0,0.2226890601563339,0.22450421786255978,0.25239888899221524,0.25018152345178174,2022-03-31,0.0018151577062258673,-0.0022173655404335024,fold3,max_return_20,
1923.0,0.16449295110820178,0.16407986622931003,0.24760149992805267,0.23185627904787942,2022-04-29,-0.00041308487889174517,-0.015745220880173244,fold3,max_return_20,
1833.0,0.1052172980490801,0.12207512962383511,0.09614944069786016,0.12210832474767098,2022-05-31,0.01685783157475501,0.025958884049810824,fold3,max_return_20,
2161.0,-0.21712126089916572,-0.19397895017775324,-0.16409293834924576,-0.17118510797504471,2022-06-30,0.023142310721412485,-0.00709216962579895,fold3,max_return_20,
2167.0,0.054205492725580305,0.07604688354889047,0.04180521060086617,0.05076348593516659,2022-07-29,0.021841390823310165,0.008958275334300415,fold3,max_return_20,
2199.0,-0.013900931706686992,-0.007231828638996591,0.02999341291739902,0.03354119298867776,2022-08-31,0.006669103067690401,0.0035477800712787437,fold3,max_return_20,
1872.0,0.15000205701731478,0.14924451836454863,0.17964633896201296,0.17911225320632954,2022-09-30,-0.0007575386527661487,-0.0005340857556834222,fold3,max_return_20,
1688.0,0.03469604520080074,0.045478029491276675,0.06050483508882846,0.0670122818872491,2022-10-31,0.010781984290475936,0.006507446798420642,fold3,max_return_20,
2117.0,0.09428078435265892,0.09141778529298691,0.11625674105116726,0.10650406460182964,2022-11-30,-0.0028629990596720084,-0.009752676449337624,fold3,max_return_20,
1715.0,0.037494743582206655,0.05042467990911579,0.03996019256707863,0.06553899200954678,2023-01-31,0.012929936326909135,0.02557879944246815,fold4,max_return_20,
2135.0,-0.11865531618150317,-0.12255360591272767,-0.08952444728408479,-0.09626324913277103,2023-02-28,-0.003898289731224497,-0.006738801848686235,fold4,max_return_20,
2004.0,-0.002763057128376649,0.029630842860647703,0.02553456688559175,0.04324626147942147,2023-03-31,0.03239389998902435,0.017711694593829718,fold4,max_return_20,
2105.0,0.05603002673583676,0.059222682797526155,0.05534909500004731,0.058166668854865614,2023-04-28,0.0031926560616893918,0.0028175738548183032,fold4,max_return_20,
2000.0,-0.01702994362194987,-0.013177500239681722,-0.010559278614987202,-0.01636384682733483,2023-05-31,0.0038524433822681465,-0.005804568212347629,fold4,max_return_20,
1953.0,0.15347899391127479,0.14437351861811668,0.1539298023585961,0.13210251972470666,2023-06-30,-0.00910547529315811,-0.021827282633889444,fold4,max_return_20,
2029.0,-0.049908930607574224,-0.04800114722404059,-0.04214551436147122,-0.04603439481034771,2023-07-31,0.0019077833835336316,-0.003888880448876489,fold4,max_return_20,
1850.0,0.16376637619301876,0.12494592746879431,0.15762183310691047,0.14394110785943207,2023-08-31,-0.03882044872422445,-0.013680725247478404,fold4,max_return_20,
1783.0,0.06176964541812974,0.056852150511016046,0.06046173581254537,0.05919518555129538,2023-09-28,-0.004917494907113691,-0.0012665502612499852,fold4,max_return_20,
1781.0,-0.02537504180401288,-0.013756402323478443,-0.060463005666701396,-0.05273252381686272,2023-10-31,0.011618639480534439,0.007730481849838676,fold4,max_return_20,
2040.0,0.14542940168076968,0.12478801834154206,0.1419804655811185,0.1057234134888282,2023-11-30,-0.020641383339227617,-0.036257052092290284,fold4,max_return_20,
,,,,,2018-01-31,,,,max_return_20,-0.16556572963459673
,,,,,2018-02-28,,,,max_return_20,-0.0013948830031364913
,,,,,2018-03-30,,,,max_return_20,0.018173452956061653
,,,,,2018-04-27,,,,max_return_20,-0.10775194113747195
,,,,,2018-05-31,,,,max_return_20,-0.030166945074175715
,,,,,2018-06-29,,,,max_return_20,-0.011354703493883754
,,,,,2018-07-31,,,,max_return_20,-0.0371617054544223
,,,,,2018-08-31,,,,max_return_20,-0.051591390260170955
,,,,,2018-09-28,,,,max_return_20,-0.029079992081324026
,,,,,2018-10-31,,,,max_return_20,0.10830548923378486
,,,,,2018-11-30,,,,max_return_20,-0.0014659011121979741
,,,,,2018-12-28,,,,max_return_20,0.005051175403694601
,,,,,2019-01-31,,,,max_return_20,-0.024176743868279026
,,,,,2019-02-28,,,,max_return_20,0.020056631645169833
,,,,,2019-03-29,,,,max_return_20,0.02691873851880211
,,,,,2019-04-30,,,,max_return_20,-0.006208743967685885
,,,,,2019-05-31,,,,max_return_20,0.08780208486519761
,,,,,2019-06-28,,,,max_return_20,0.02571454002681121
,,,,,2019-07-31,,,,max_return_20,0.06871807390182402
,,,,,2019-08-30,,,,max_return_20,0.01900853787174924
,,,,,2019-09-30,,,,max_return_20,-0.036442145062958675
,,,,,2019-10-31,,,,max_return_20,0.060666373153448847
,,,,,2019-11-29,,,,max_return_20,-0.04040383609617402
,,,,,2019-12-31,,,,max_return_20,-0.0701328561065247
,,,,,2020-01-23,,,,max_return_20,-0.04386417505812941
,,,,,2020-02-28,,,,max_return_20,0.018538945467386016
,,,,,2020-03-31,,,,max_return_20,-0.005410877998737698
,,,,,2020-04-30,,,,max_return_20,0.007294660005907655
,,,,,2020-05-29,,,,max_return_20,-0.011207312453327702
,,,,,2020-06-30,,,,max_return_20,0.05921152659318406
,,,,,2020-07-31,,,,max_return_20,-0.006068826660350274
,,,,,2020-08-31,,,,max_return_20,-0.013781720414665475
,,,,,2020-09-30,,,,max_return_20,-0.0035493293839130888
,,,,,2020-10-30,,,,max_return_20,-0.008903846815535342
,,,,,2020-11-30,,,,max_return_20,0.02773760218496074
,,,,,2020-12-31,,,,max_return_20,0.030401362704510073
,,,,,2021-01-29,,,,max_return_20,-0.032420053091059935
,,,,,2021-02-26,,,,max_return_20,0.0051084729324268364
,,,,,2021-03-31,,,,max_return_20,0.0402382528413661
,,,,,2021-04-30,,,,max_return_20,-0.029145323761488734
,,,,,2021-05-31,,,,max_return_20,0.044463808338868836
,,,,,2021-06-30,,,,max_return_20,-0.015560523758311216
,,,,,2021-07-30,,,,max_return_20,0.002871197530919535
,,,,,2021-08-31,,,,max_return_20,0.02205834418659012
,,,,,2021-09-30,,,,max_return_20,0.023786305974578852
,,,,,2021-10-29,,,,max_return_20,0.07471340636540315
,,,,,2021-11-30,,,,max_return_20,0.0072902421433253956
,,,,,2021-12-31,,,,max_return_20,-0.0041699956502715034
,,,,,2022-01-28,,,,max_return_20,-0.04123949030402055
,,,,,2022-02-28,,,,max_return_20,-0.053961799005365456
,,,,,2022-03-31,,,,max_return_20,0.013842983803068894
,,,,,2022-04-29,,,,max_return_20,-0.02755529066399395
,,,,,2022-05-31,,,,max_return_20,-0.053942307761438955
,,,,,2022-06-30,,,,max_return_20,-0.047889907202989614
,,,,,2022-07-29,,,,max_return_20,0.0031535479534003067
,,,,,2022-08-31,,,,max_return_20,0.020507078111218005
,,,,,2022-09-30,,,,max_return_20,0.029009893146393868
,,,,,2022-10-31,,,,max_return_20,0.04421759986941917
,,,,,2022-11-30,,,,max_return_20,0.04786138125935708
,,,,,2022-12-30,,,,max_return_20,0.015888488892884748
,,,,,2023-01-31,,,,max_return_20,0.054412222360825775
,,,,,2023-02-28,,,,max_return_20,-0.04803126587718589
,,,,,2023-03-31,,,,max_return_20,0.01809545883309121
,,,,,2023-04-28,,,,max_return_20,0.04515526640342705
,,,,,2023-05-31,,,,max_return_20,-0.003743024149771918
,,,,,2023-06-30,,,,max_return_20,0.024109956987113858
,,,,,2023-07-31,,,,max_return_20,-0.03876584137988582
,,,,,2023-08-31,,,,max_return_20,0.035909778668856605
,,,,,2023-09-28,,,,max_return_20,-0.037955512851045065
,,,,,2023-10-31,,,,max_return_20,-0.019655301380810345
,,,,,2023-11-30,,,,max_return_20,0.01741910853840812
1383.0,-0.05656014177733378,-0.06249370252650204,0.007344882545382596,0.01353641440052274,2020-01-23,-0.00593356074916826,0.006191531855140144,fold1,parkinson_vol_20,
1725.0,0.009597363328254335,-0.002577361758257915,0.04830147064874413,0.03470117260265168,2020-02-28,-0.01217472508651225,-0.013600298046092446,fold1,parkinson_vol_20,
1857.0,0.07120601376621263,0.08443621556062311,0.09332066738956876,0.09199561055399567,2020-03-31,0.013230201794410479,-0.001325056835573088,fold1,parkinson_vol_20,
1409.0,-0.0369831956926793,-0.03516273622212403,-0.01046886961067199,-0.006964953844415715,2020-04-30,0.0018204594705552718,0.003503915766256276,fold1,parkinson_vol_20,
1358.0,0.00619148577642088,-0.0022566642364277474,-0.013787903831708689,-0.010321201379318287,2020-05-29,-0.008448150012848626,0.0034667024523904015,fold1,parkinson_vol_20,
1425.0,0.011860820756339298,0.011924583647406386,0.006872984425515598,0.0048403065638492615,2020-06-30,6.376289106708836e-05,-0.0020326778616663365,fold1,parkinson_vol_20,
2085.0,0.12392312908472747,0.0901733620777448,0.15399999824249055,0.12150439457761418,2020-07-31,-0.033749767006982664,-0.032495603664876374,fold1,parkinson_vol_20,
2058.0,-0.03210946922924628,-0.04552871416192915,0.011984043796222095,0.0052307301387333836,2020-08-31,-0.013419244932682865,-0.006753313657488711,fold1,parkinson_vol_20,
1743.0,-0.032509846781176154,-0.012590879986083946,-0.015638637187739786,0.002569665907768415,2020-09-30,0.019918966795092207,0.0182083030955082,fold1,parkinson_vol_20,
1496.0,0.08116528519582814,0.06455128575464061,0.08633691761780975,0.07075654711453758,2020-10-30,-0.01661399944118752,-0.01558037050327217,fold1,parkinson_vol_20,
1644.0,-0.005342738964095117,0.0005592755786421549,0.045609926473708436,0.04533792165663604,2020-11-30,0.0059020145427372715,-0.00027200481707239516,fold1,parkinson_vol_20,
1549.0,-0.006238043466976347,-0.01965267637659071,-0.006886410578159798,-0.020316565347430742,2021-01-29,-0.013414632909614364,-0.013430154769270945,fold2,parkinson_vol_20,
1423.0,0.025159406772865364,0.0465152773503501,0.003023363180593238,0.03198434540061,2021-02-26,0.021355870577484733,0.02896098222001676,fold2,parkinson_vol_20,
1469.0,0.13073580711939986,0.11607747689493808,0.15250768882676427,0.14291409381721246,2021-03-31,-0.01465833022446178,-0.009593595009551814,fold2,parkinson_vol_20,
1443.0,-0.0371106146305024,-0.01231036667635471,-0.045333437629164586,-0.045371594056145645,2021-04-30,0.02480024795414769,-3.8156426981059144e-05,fold2,parkinson_vol_20,
1510.0,0.04119446488364553,0.06618515928385445,0.062482056481457625,0.07976504337289235,2021-05-31,0.024990694400208915,0.017282986891434725,fold2,parkinson_vol_20,
1702.0,0.034867714599210634,0.01443594828479423,0.03179909808683955,0.024744650713905674,2021-06-30,-0.020431766314416403,-0.007054447372933873,fold2,parkinson_vol_20,
1819.0,0.035023856416728914,0.04011855228574874,0.058854814366538895,0.06288196509150067,2021-07-30,0.005094695869019825,0.004027150724961771,fold2,parkinson_vol_20,
1977.0,0.06274579886767101,0.06310964156078036,0.025811921873174774,0.026668671097892872,2021-08-31,0.0003638426931093508,0.0008567492247180987,fold2,parkinson_vol_20,
2121.0,0.12961786796086447,0.13799768416876806,0.14118165042897352,0.1496119401037409,2021-09-30,0.008379816207903595,0.008430289674767388,fold2,parkinson_vol_20,
1792.0,0.06073424953642148,0.054846577698187876,0.04482643382285687,0.05434480197936653,2021-10-29,-0.005887671838233605,0.009518368156509659,fold2,parkinson_vol_20,
1976.0,0.044546840962735715,0.04369092823296107,0.015382807531214463,0.020823434829610975,2021-11-30,-0.0008559127297746438,0.005440627298396512,fold2,parkinson_vol_20,
2269.0,0.009319149088505964,0.0055393476365468205,0.02062278684853676,0.019532496368156137,2022-01-28,-0.003779801451959143,-0.0010902904803806214,fold3,parkinson_vol_20,
1951.0,-0.04879255808401203,-0.045773003041992714,-0.055885038606598186,-0.047950545799560276,2022-02-28,0.0030195550420193187,0.00793449280703791,fold3,parkinson_vol_20,
2065.0,0.2226890601563339,0.21832804683501636,0.25239888899221524,0.24658664712958572,2022-03-31,-0.004361013321317553,-0.005812241862629519,fold3,parkinson_vol_20,
1923.0,0.16449295110820178,0.17066086173421205,0.24760149992805267,0.24429367796215642,2022-04-29,0.00616791062601027,-0.0033078219658962404,fold3,parkinson_vol_20,
1833.0,0.1052172980490801,0.10276107905679237,0.09614944069786016,0.09763747259034378,2022-05-31,-0.002456218992287734,0.0014880318924836156,fold3,parkinson_vol_20,
2161.0,-0.21712126089916572,-0.1934024065927935,-0.16409293834924576,-0.15279043536169762,2022-06-30,0.023718854306372217,0.011302502987548146,fold3,parkinson_vol_20,
2167.0,0.054205492725580305,0.06928340943016154,0.04180521060086617,0.04493994877138156,2022-07-29,0.01507791670458123,0.0031347381705153915,fold3,parkinson_vol_20,
2199.0,-0.013900931706686992,-0.011532813493302894,0.02999341291739902,0.02409295115805271,2022-08-31,0.0023681182133840975,-0.005900461759346307,fold3,parkinson_vol_20,
1872.0,0.15000205701731478,0.1590818250418136,0.17964633896201296,0.19392423564349523,2022-09-30,0.009079768024498808,0.014277896681482272,fold3,parkinson_vol_20,
1688.0,0.03469604520080074,0.02347666199639515,0.06050483508882846,0.0438627221619196,2022-10-31,-0.011219383204405589,-0.016642112926908856,fold3,parkinson_vol_20,
2117.0,0.09428078435265892,0.10780850367642922,0.11625674105116726,0.1152332120796205,2022-11-30,0.013527719323770296,-0.0010235289715467555,fold3,parkinson_vol_20,
1715.0,0.037494743582206655,0.056675579727922094,0.03996019256707863,0.049731536892193604,2023-01-31,0.01918083614571544,0.009771344325114971,fold4,parkinson_vol_20,
2135.0,-0.11865531618150317,-0.13977387985120523,-0.08952444728408479,-0.10949110805375843,2023-02-28,-0.021118563669702065,-0.01996666076967364,fold4,parkinson_vol_20,
2004.0,-0.002763057128376649,0.03559176165861825,0.02553456688559175,0.060512125051075304,2023-03-31,0.0383548187869949,0.03497755816548355,fold4,parkinson_vol_20,
2105.0,0.05603002673583676,0.05986722475180627,0.05534909500004731,0.06238073476795944,2023-04-28,0.0038371980159695035,0.007031639767912129,fold4,parkinson_vol_20,
2000.0,-0.01702994362194987,-0.011595468500393334,-0.010559278614987202,-0.009780934385375655,2023-05-31,0.005434475121556535,0.000778344229611547,fold4,parkinson_vol_20,
1953.0,0.15347899391127479,0.15233153048236342,0.1539298023585961,0.15781939560901653,2023-06-30,-0.001147463428911366,0.003889593250420431,fold4,parkinson_vol_20,
2029.0,-0.049908930607574224,-0.03809054765117228,-0.04214551436147122,-0.04517744264104725,2023-07-31,0.011818382956401946,-0.0030319282795760252,fold4,parkinson_vol_20,
1850.0,0.16376637619301876,0.14159990277918516,0.15762183310691047,0.15432539220707614,2023-08-31,-0.0221664734138336,-0.0032964408998343298,fold4,parkinson_vol_20,
1783.0,0.06176964541812974,0.041736756314699974,0.06046173581254537,0.04914404360973731,2023-09-28,-0.020032889103429763,-0.01131769220280806,fold4,parkinson_vol_20,
1781.0,-0.02537504180401288,-0.027922387206283115,-0.060463005666701396,-0.04502840825813985,2023-10-31,-0.002547345402270234,0.015434597408561547,fold4,parkinson_vol_20,
2040.0,0.14542940168076968,0.1264922948766061,0.1419804655811185,0.11640515694071364,2023-11-30,-0.018937106804163578,-0.025575308640404845,fold4,parkinson_vol_20,
,,,,,2018-01-31,,,,parkinson_vol_20,-0.11740115374089585
,,,,,2018-02-28,,,,parkinson_vol_20,-0.21256384512227425
,,,,,2018-03-30,,,,parkinson_vol_20,0.05802887824760324
,,,,,2018-04-27,,,,parkinson_vol_20,-0.021643937021325055
,,,,,2018-05-31,,,,parkinson_vol_20,0.02272849301992602
,,,,,2018-06-29,,,,parkinson_vol_20,-0.028452178516415336
,,,,,2018-07-31,,,,parkinson_vol_20,-0.03115417655226288
,,,,,2018-08-31,,,,parkinson_vol_20,-0.025362125931183834
,,,,,2018-09-28,,,,parkinson_vol_20,-0.025413760429299864
,,,,,2018-10-31,,,,parkinson_vol_20,-0.14085531990372244
,,,,,2018-11-30,,,,parkinson_vol_20,-0.07461126171442518
,,,,,2018-12-28,,,,parkinson_vol_20,-0.14712272927621012
,,,,,2019-01-31,,,,parkinson_vol_20,0.05878334117004047
,,,,,2019-02-28,,,,parkinson_vol_20,-0.012644482384833018
,,,,,2019-03-29,,,,parkinson_vol_20,-0.10008939637127003
,,,,,2019-04-30,,,,parkinson_vol_20,-0.0022952163996656063
,,,,,2019-05-31,,,,parkinson_vol_20,-0.038724245621701195
,,,,,2019-06-28,,,,parkinson_vol_20,0.006770063469041028
,,,,,2019-07-31,,,,parkinson_vol_20,-0.030361220894746733
,,,,,2019-08-30,,,,parkinson_vol_20,-0.02685155603067132
,,,,,2019-09-30,,,,parkinson_vol_20,-0.03634201668374165
,,,,,2019-10-31,,,,parkinson_vol_20,-0.017052067224672975
,,,,,2019-11-29,,,,parkinson_vol_20,-0.02634571097517633
,,,,,2019-12-31,,,,parkinson_vol_20,-0.030630946599758985
,,,,,2020-01-23,,,,parkinson_vol_20,-0.0757185373114682
,,,,,2020-02-28,,,,parkinson_vol_20,-0.07303811011227664
,,,,,2020-03-31,,,,parkinson_vol_20,0.05951047056375633
,,,,,2020-04-30,,,,parkinson_vol_20,-0.014457325864159707
,,,,,2020-05-29,,,,parkinson_vol_20,-0.06562241292645585
,,,,,2020-06-30,,,,parkinson_vol_20,-0.07946537047726024
,,,,,2020-07-31,,,,parkinson_vol_20,-0.007533951067275148
,,,,,2020-08-31,,,,parkinson_vol_20,-0.055337381616988084
,,,,,2020-09-30,,,,parkinson_vol_20,-0.01655567458689328
,,,,,2020-10-30,,,,parkinson_vol_20,-0.005581120831657091
,,,,,2020-11-30,,,,parkinson_vol_20,0.10282016748858262
,,,,,2020-12-31,,,,parkinson_vol_20,0.0162110172018137
,,,,,2021-01-29,,,,parkinson_vol_20,-0.05319352966389357
,,,,,2021-02-26,,,,parkinson_vol_20,-0.0532332868895914
,,,,,2021-03-31,,,,parkinson_vol_20,0.11139914616187237
,,,,,2021-04-30,,,,parkinson_vol_20,0.04233055021283661
,,,,,2021-05-31,,,,parkinson_vol_20,0.1322522391808807
,,,,,2021-06-30,,,,parkinson_vol_20,0.006260730346038235
,,,,,2021-07-30,,,,parkinson_vol_20,-0.025023569717805855
,,,,,2021-08-31,,,,parkinson_vol_20,-0.12095225568725457
,,,,,2021-09-30,,,,parkinson_vol_20,0.007455596440354211
,,,,,2021-10-29,,,,parkinson_vol_20,0.07395343296424471
,,,,,2021-11-30,,,,parkinson_vol_20,-0.0676315881901068
,,,,,2021-12-31,,,,parkinson_vol_20,-0.1474516528322928
,,,,,2022-01-28,,,,parkinson_vol_20,-0.10327754919198015
,,,,,2022-02-28,,,,parkinson_vol_20,-0.057509682979971645
,,,,,2022-03-31,,,,parkinson_vol_20,-0.11098256520668388
,,,,,2022-04-29,,,,parkinson_vol_20,0.05834095144972334
,,,,,2022-05-31,,,,parkinson_vol_20,-0.015793576985654516
,,,,,2022-06-30,,,,parkinson_vol_20,0.01817154052485483
,,,,,2022-07-29,,,,parkinson_vol_20,-0.049460578531055864
,,,,,2022-08-31,,,,parkinson_vol_20,-0.032984541496679
,,,,,2022-09-30,,,,parkinson_vol_20,0.013572550826568795
,,,,,2022-10-31,,,,parkinson_vol_20,-0.04012755326720098
,,,,,2022-11-30,,,,parkinson_vol_20,-0.03871060507108485
,,,,,2022-12-30,,,,parkinson_vol_20,-0.010671188942740767
,,,,,2023-01-31,,,,parkinson_vol_20,0.0016396667425982749
,,,,,2023-02-28,,,,parkinson_vol_20,-0.029561138836238808
,,,,,2023-03-31,,,,parkinson_vol_20,-0.035708705992656256
,,,,,2023-04-28,,,,parkinson_vol_20,0.05503937170763097
,,,,,2023-05-31,,,,parkinson_vol_20,0.02816215606736347
,,,,,2023-06-30,,,,parkinson_vol_20,-0.12227711448145993
,,,,,2023-07-31,,,,parkinson_vol_20,-0.1069669511635696
,,,,,2023-08-31,,,,parkinson_vol_20,-0.030475861541577377
,,,,,2023-09-28,,,,parkinson_vol_20,0.020974289513622766
,,,,,2023-10-31,,,,parkinson_vol_20,0.07740487828009665
,,,,,2023-11-30,,,,parkinson_vol_20,-0.04792361453529712
1383.0,-0.05656014177733378,-0.06842398194886928,0.007344882545382596,0.004119098914977359,2020-01-23,-0.011863840171535502,-0.003225783630405237,fold1,momentum_20,
1725.0,0.009597363328254335,-0.01775451493553026,0.04830147064874413,0.030220781533112067,2020-02-28,-0.027351878263784594,-0.01808068911563206,fold1,momentum_20,
1857.0,0.07120601376621263,0.07489606502529837,0.09332066738956876,0.09543865056728926,2020-03-31,0.0036900512590857387,0.002117983177720495,fold1,momentum_20,
1409.0,-0.0369831956926793,-0.0324646802361522,-0.01046886961067199,0.003326840995713705,2020-04-30,0.004518515456527102,0.013795710606385696,fold1,momentum_20,
1358.0,0.00619148577642088,0.015075607965804743,-0.013787903831708689,0.016092926291953306,2020-05-29,0.008884122189383864,0.029880830123661994,fold1,momentum_20,
1425.0,0.011860820756339298,-0.010914270195169192,0.006872984425515598,-0.01422785342079947,2020-06-30,-0.022775090951508488,-0.021100837846315067,fold1,momentum_20,
2085.0,0.12392312908472747,0.12590340624922575,0.15399999824249055,0.15930152978158976,2020-07-31,0.0019802771644982786,0.005301531539099208,fold1,momentum_20,
2058.0,-0.03210946922924628,-0.037655874852152514,0.011984043796222095,0.010887308997615015,2020-08-31,-0.005546405622906231,-0.00109673479860708,fold1,momentum_20,
1743.0,-0.032509846781176154,-0.022446395196033316,-0.015638637187739786,-0.0012445566128845473,2020-09-30,0.010063451585142838,0.014394080574855238,fold1,momentum_20,
1496.0,0.08116528519582814,0.08103811777537649,0.08633691761780975,0.08632512395824385,2020-10-30,-0.0001271674204516432,-1.1793659565897952e-05,fold1,momentum_20,
1644.0,-0.005342738964095117,-0.0042944625821447775,0.045609926473708436,0.04347704913697282,2020-11-30,0.0010482763819503393,-0.002132877336735617,fold1,momentum_20,
1549.0,-0.006238043466976347,-0.002177602501066682,-0.006886410578159798,-0.007930085060102314,2021-01-29,0.004060440965909665,-0.001043674481942516,fold2,momentum_20,
1423.0,0.025159406772865364,0.03962605360927515,0.003023363180593238,0.02457944649513084,2021-02-26,0.014466646836409788,0.0215560833145376,fold2,momentum_20,
1469.0,0.13073580711939986,0.11815558748242712,0.15250768882676427,0.140487238511977,2021-03-31,-0.012580219636972742,-0.012020450314787268,fold2,momentum_20,
1443.0,-0.0371106146305024,-0.015380049323204031,-0.045333437629164586,-0.0374154598411973,2021-04-30,0.021730565307298368,0.007917977787967288,fold2,momentum_20,
1510.0,0.04119446488364553,0.07055563035036688,0.062482056481457625,0.08384295294602664,2021-05-31,0.02936116546672135,0.02136089646456902,fold2,momentum_20,
1702.0,0.034867714599210634,0.025468927489686242,0.03179909808683955,0.02661492518184432,2021-06-30,-0.009398787109524392,-0.005184172904995229,fold2,momentum_20,
1819.0,0.035023856416728914,0.02593611495275117,0.058854814366538895,0.0498732248304615,2021-07-30,-0.009087741463977745,-0.008981589536077396,fold2,momentum_20,
1977.0,0.06274579886767101,0.061329149106723865,0.025811921873174774,0.026767344871837608,2021-08-31,-0.0014166497609471446,0.0009554229986628339,fold2,momentum_20,
2121.0,0.12961786796086447,0.14409713542830493,0.14118165042897352,0.15994254577771183,2021-09-30,0.014479267467440465,0.018760895348738316,fold2,momentum_20,
1792.0,0.06073424953642148,0.07624865120595363,0.04482643382285687,0.07019067496491242,2021-10-29,0.015514401669532149,0.02536424114205555,fold2,momentum_20,
1976.0,0.044546840962735715,0.042277638573761885,0.015382807531214463,0.017955915708525765,2021-11-30,-0.0022692023889738303,0.002573108177311302,fold2,momentum_20,
2269.0,0.009319149088505964,0.009639861011812375,0.02062278684853676,0.03329214438324989,2022-01-28,0.0003207119233064118,0.012669357534713134,fold3,momentum_20,
1951.0,-0.04879255808401203,-0.03286994081394892,-0.055885038606598186,-0.039849442666195625,2022-02-28,0.01592261727006311,0.01603559594040256,fold3,momentum_20,
2065.0,0.2226890601563339,0.21763810796920802,0.25239888899221524,0.2500476508046663,2022-03-31,-0.0050509521871258956,-0.002351238187548954,fold3,momentum_20,
1923.0,0.16449295110820178,0.16047146065029133,0.24760149992805267,0.24358281227429437,2022-04-29,-0.004021490457910448,-0.0040186876537582905,fold3,momentum_20,
1833.0,0.1052172980490801,0.13128857583076453,0.09614944069786016,0.12101764069668682,2022-05-31,0.02607127778168443,0.024868199998826654,fold3,momentum_20,
2161.0,-0.21712126089916572,-0.22392919450236948,-0.16409293834924576,-0.17050694967426366,2022-06-30,-0.006807933603203753,-0.006414011325017899,fold3,momentum_20,
2167.0,0.054205492725580305,0.07443380186875367,0.04180521060086617,0.05428123514661531,2022-07-29,0.02022830914317337,0.012476024545749136,fold3,momentum_20,
2199.0,-0.013900931706686992,-6.796586632885262e-06,0.02999341291739902,0.030233912071456745,2022-08-31,0.013894135120054107,0.00024049915405772657,fold3,momentum_20,
1872.0,0.15000205701731478,0.14938659774928315,0.17964633896201296,0.18618076777161452,2022-09-30,-0.0006154592680316373,0.006534428809601561,fold3,momentum_20,
1688.0,0.03469604520080074,0.04909124310354771,0.06050483508882846,0.06763286770628549,2022-10-31,0.014395197902746973,0.007128032617457029,fold3,momentum_20,
2117.0,0.09428078435265892,0.10684990563467556,0.11625674105116726,0.12371047642563338,2022-11-30,0.012569121282016635,0.007453735374466114,fold3,momentum_20,
1715.0,0.037494743582206655,0.03409964858610255,0.03996019256707863,0.032032957211054015,2023-01-31,-0.0033950949961041033,-0.007927235356024617,fold4,momentum_20,
2135.0,-0.11865531618150317,-0.12438440855275958,-0.08952444728408479,-0.10303637965185933,2023-02-28,-0.005729092371256406,-0.013511932367774537,fold4,momentum_20,
2004.0,-0.002763057128376649,0.02019010598174833,0.02553456688559175,0.042594013635047154,2023-03-31,0.022953163110124977,0.017059446749455403,fold4,momentum_20,
2105.0,0.05603002673583676,0.055746467420404705,0.05534909500004731,0.06098788877875991,2023-04-28,-0.00028355931543205815,0.0056387937787125975,fold4,momentum_20,
2000.0,-0.01702994362194987,-0.012530447751186322,-0.010559278614987202,-0.010879450709437969,2023-05-31,0.004499495870763547,-0.00032017209445076716,fold4,momentum_20,
1953.0,0.15347899391127479,0.172721680298311,0.1539298023585961,0.1692129057610451,2023-06-30,0.019242686387036217,0.015283103402449011,fold4,momentum_20,
2029.0,-0.049908930607574224,-0.05533078992942436,-0.04214551436147122,-0.042775626292915626,2023-07-31,-0.005421859321850138,-0.0006301119314444034,fold4,momentum_20,
1850.0,0.16376637619301876,0.1391442006757688,0.15762183310691047,0.14607969587099479,2023-08-31,-0.02462217551724996,-0.011542137235915684,fold4,momentum_20,
1783.0,0.06176964541812974,0.05144344384462902,0.06046173581254537,0.047950033442963086,2023-09-28,-0.01032620157350072,-0.012511702369582281,fold4,momentum_20,
1781.0,-0.02537504180401288,-0.03249384113190798,-0.060463005666701396,-0.06664546707112479,2023-10-31,-0.0071187993278950985,-0.006182461404423391,fold4,momentum_20,
2040.0,0.14542940168076968,0.13059673624964765,0.1419804655811185,0.11350226516103804,2023-11-30,-0.014832665431122022,-0.02847820042008045,fold4,momentum_20,
,,,,,2018-01-31,,,,momentum_20,-0.029633400327206003
,,,,,2018-02-28,,,,momentum_20,-0.26561485738135054
,,,,,2018-03-30,,,,momentum_20,0.005251822128935805
,,,,,2018-04-27,,,,momentum_20,0.16031979106242503
,,,,,2018-05-31,,,,momentum_20,-0.007397971517619845
,,,,,2018-06-29,,,,momentum_20,0.036791815325256154
,,,,,2018-07-31,,,,momentum_20,0.10380069669238558
,,,,,2018-08-31,,,,momentum_20,0.06098189237234708
,,,,,2018-09-28,,,,momentum_20,0.11053953352905918
,,,,,2018-10-31,,,,momentum_20,0.29559779530645247
,,,,,2018-11-30,,,,momentum_20,-0.018049682957712698
,,,,,2018-12-28,,,,momentum_20,0.003574996899764888
,,,,,2019-01-31,,,,momentum_20,-0.52549383076987
,,,,,2019-02-28,,,,momentum_20,0.051214981172720365
,,,,,2019-03-29,,,,momentum_20,-0.056334153735762955
,,,,,2019-04-30,,,,momentum_20,-0.011305589400132356
,,,,,2019-05-31,,,,momentum_20,-0.19603452208266556
,,,,,2019-06-28,,,,momentum_20,0.14307759189058253
,,,,,2019-07-31,,,,momentum_20,0.17691675028531278
,,,,,2019-08-30,,,,momentum_20,-0.036849084925769646
,,,,,2019-09-30,,,,momentum_20,-0.08002589539692481
,,,,,2019-10-31,,,,momentum_20,0.09533618405089656
,,,,,2019-11-29,,,,momentum_20,0.01781275102646451
,,,,,2019-12-31,,,,momentum_20,-0.06726894496957823
,,,,,2020-01-23,,,,momentum_20,-0.2569598752615981
,,,,,2020-02-28,,,,momentum_20,0.07801838101590929
,,,,,2020-03-31,,,,momentum_20,-0.05473457766484637
,,,,,2020-04-30,,,,momentum_20,0.06219190606131042
,,,,,2020-05-29,,,,momentum_20,0.13060989578876248
,,,,,2020-06-30,,,,momentum_20,0.04124686830488169
,,,,,2020-07-31,,,,momentum_20,0.06795929120273574
,,,,,2020-08-31,,,,momentum_20,-0.09938812161242641
,,,,,2020-09-30,,,,momentum_20,0.13154624510866544
,,,,,2020-10-30,,,,momentum_20,-0.1739987914060675
,,,,,2020-11-30,,,,momentum_20,-0.06808249848214425
,,,,,2020-12-31,,,,momentum_20,0.10148275638175205
,,,,,2021-01-29,,,,momentum_20,-0.006348134515746125
,,,,,2021-02-26,,,,momentum_20,-0.11813075731509065
,,,,,2021-03-31,,,,momentum_20,-0.05533115901768684
,,,,,2021-04-30,,,,momentum_20,-0.08956463892288603
,,,,,2021-05-31,,,,momentum_20,0.028095587923389842
,,,,,2021-06-30,,,,momentum_20,-0.12406925401963025
,,,,,2021-07-30,,,,momentum_20,-0.0022073735602704024
,,,,,2021-08-31,,,,momentum_20,-0.3312201153129029
,,,,,2021-09-30,,,,momentum_20,-0.10595142059876536
,,,,,2021-10-29,,,,momentum_20,-0.12286599839783122
,,,,,2021-11-30,,,,momentum_20,0.09500938616551628
,,,,,2021-12-31,,,,momentum_20,-0.06731796889633354
,,,,,2022-01-28,,,,momentum_20,-0.008915220248987544
,,,,,2022-02-28,,,,momentum_20,0.3154989168035333
,,,,,2022-03-31,,,,momentum_20,-0.01496406950216365
,,,,,2022-04-29,,,,momentum_20,0.23102961369823527
,,,,,2022-05-31,,,,momentum_20,0.05362681237267551
,,,,,2022-06-30,,,,momentum_20,-0.015866942057895263
,,,,,2022-07-29,,,,momentum_20,-0.02220917824711182
,,,,,2022-08-31,,,,momentum_20,-0.018020696852431965
,,,,,2022-09-30,,,,momentum_20,-0.07433529052324155
,,,,,2022-10-31,,,,momentum_20,0.19616621151959973
,,,,,2022-11-30,,,,momentum_20,0.11844722713265805
,,,,,2022-12-30,,,,momentum_20,0.138251834946864
,,,,,2023-01-31,,,,momentum_20,0.029693775471952726
,,,,,2023-02-28,,,,momentum_20,0.04017871030376822
,,,,,2023-03-31,,,,momentum_20,-0.02653188542420638
,,,,,2023-04-28,,,,momentum_20,-0.030254246528549127
,,,,,2023-05-31,,,,momentum_20,0.14287840005539817
,,,,,2023-06-30,,,,momentum_20,0.3734156272016161
,,,,,2023-07-31,,,,momentum_20,-0.011430827495541975
,,,,,2023-08-31,,,,momentum_20,-0.11388466936967122
,,,,,2023-09-28,,,,momentum_20,0.03460325547592039
,,,,,2023-10-31,,,,momentum_20,0.0847899403553405
,,,,,2023-11-30,,,,momentum_20,0.11984084299644204
1383.0,-0.05656014177733378,-0.06728479780004931,0.007344882545382596,-0.0027661495084750623,2020-01-23,-0.01072465602271553,-0.010111032053857659,fold1,price_vs_ma60,
1725.0,0.009597363328254335,-0.007597612562015352,0.04830147064874413,0.02319931187187016,2020-02-28,-0.017194975890269686,-0.025102158776873967,fold1,price_vs_ma60,
1857.0,0.07120601376621263,0.08320893946821391,0.09332066738956876,0.09622672913824082,2020-03-31,0.012002925702001274,0.0029060617486720564,fold1,price_vs_ma60,
1409.0,-0.0369831956926793,-0.029147730434020556,-0.01046886961067199,-0.001971687266251679,2020-04-30,0.007835465258658744,0.008497182344420312,fold1,price_vs_ma60,
1358.0,0.00619148577642088,0.006520681743961397,-0.013787903831708689,0.0007939112922729515,2020-05-29,0.00032919596754051733,0.01458181512398164,fold1,price_vs_ma60,
1425.0,0.011860820756339298,-0.008742418378111681,0.006872984425515598,-0.005350204302884184,2020-06-30,-0.02060323913445098,-0.012223188728399781,fold1,price_vs_ma60,
2085.0,0.12392312908472747,0.12543107853274604,0.15399999824249055,0.15627568861226915,2020-07-31,0.0015079494480185751,0.0022756903697785935,fold1,price_vs_ma60,
2058.0,-0.03210946922924628,-0.041773564741985104,0.011984043796222095,0.0031024757104403107,2020-08-31,-0.009664095512738821,-0.008881568085781784,fold1,price_vs_ma60,
1743.0,-0.032509846781176154,-0.04211034617990608,-0.015638637187739786,-0.024449052222579072,2020-09-30,-0.00960049939872993,-0.008810415034839286,fold1,price_vs_ma60,
1496.0,0.08116528519582814,0.06666733592207434,0.08633691761780975,0.07386638514520912,2020-10-30,-0.014497949273753793,-0.012470532472600632,fold1,price_vs_ma60,
1644.0,-0.005342738964095117,0.007210498740962152,0.045609926473708436,0.06708222301744265,2020-11-30,0.012553237705057268,0.02147229654373422,fold1,price_vs_ma60,
1549.0,-0.006238043466976347,-0.015247406176386456,-0.006886410578159798,-0.008024283890565823,2021-01-29,-0.009009362709410109,-0.0011378733124060248,fold2,price_vs_ma60,
1423.0,0.025159406772865364,0.022440933381406875,0.003023363180593238,0.012275472197528104,2021-02-26,-0.0027184733914584897,0.009252109016934866,fold2,price_vs_ma60,
1469.0,0.13073580711939986,0.11161894158755559,0.15250768882676427,0.13896169775620426,2021-03-31,-0.019116865531844274,-0.01354599107056001,fold2,price_vs_ma60,
1443.0,-0.0371106146305024,-0.02271177813470381,-0.045333437629164586,-0.050444366018445264,2021-04-30,0.014398836495798591,-0.005110928389280678,fold2,price_vs_ma60,
1510.0,0.04119446488364553,0.06614220434580495,0.062482056481457625,0.07420153772452195,2021-05-31,0.02494773946215942,0.01171948124306433,fold2,price_vs_ma60,
1702.0,0.034867714599210634,0.012250171096520216,0.03179909808683955,0.02383122143395091,2021-06-30,-0.022617543502690417,-0.007967876652888638,fold2,price_vs_ma60,
1819.0,0.035023856416728914,0.018509260569368722,0.058854814366538895,0.0538406769636084,2021-07-30,-0.016514595847360192,-0.005014137402930496,fold2,price_vs_ma60,
1977.0,0.06274579886767101,0.04619448354605833,0.025811921873174774,0.009176766578406506,2021-08-31,-0.016551315321612678,-0.016635155294768268,fold2,price_vs_ma60,
2121.0,0.12961786796086447,0.14182081960146642,0.14118165042897352,0.14789131946703282,2021-09-30,0.01220295164060195,0.006709669038059307,fold2,price_vs_ma60,
1792.0,0.06073424953642148,0.027548161947173414,0.04482643382285687,0.0273049892231254,2021-10-29,-0.03318608758924807,-0.017521444599731473,fold2,price_vs_ma60,
1976.0,0.044546840962735715,0.031389001354448574,0.015382807531214463,0.022403534713725234,2021-11-30,-0.01315783960828714,0.007020727182510771,fold2,price_vs_ma60,
2269.0,0.009319149088505964,-0.005827303050334414,0.02062278684853676,0.01747474623010988,2022-01-28,-0.015146452138840378,-0.0031480406184268804,fold3,price_vs_ma60,
1951.0,-0.04879255808401203,-0.02900519876188247,-0.055885038606598186,-0.039677027285000895,2022-02-28,0.019787359322129563,0.016208011321597292,fold3,price_vs_ma60,
2065.0,0.2226890601563339,0.21332532459781717,0.25239888899221524,0.24628015431941946,2022-03-31,-0.009363735558516745,-0.006118734672795778,fold3,price_vs_ma60,
1923.0,0.16449295110820178,0.160908990088086,0.24760149992805267,0.23364196176229618,2022-04-29,-0.0035839610201157668,-0.013959538165756485,fold3,price_vs_ma60,
1833.0,0.1052172980490801,0.09750806272511775,0.09614944069786016,0.08825606487829347,2022-05-31,-0.007709235323962352,-0.007893375819566686,fold3,price_vs_ma60,
2161.0,-0.21712126089916572,-0.20208789572390468,-0.16409293834924576,-0.158584602265919,2022-06-30,0.015033365175261049,0.005508336083326765,fold3,price_vs_ma60,
2167.0,0.054205492725580305,0.07417156838550817,0.04180521060086617,0.04956536667264426,2022-07-29,0.01996607565992787,0.007760156071778088,fold3,price_vs_ma60,
2199.0,-0.013900931706686992,0.001263247931226654,0.02999341291739902,0.039069687492919655,2022-08-31,0.015164179637913645,0.009076274575520637,fold3,price_vs_ma60,
1872.0,0.15000205701731478,0.15595196397721428,0.17964633896201296,0.18573816818255007,2022-09-30,0.005949906959899498,0.006091829220537109,fold3,price_vs_ma60,
1688.0,0.03469604520080074,0.05032151686583367,0.06050483508882846,0.08392372480071825,2022-10-31,0.015625471665032933,0.02341888971188979,fold3,price_vs_ma60,
2117.0,0.09428078435265892,0.09230243755083367,0.11625674105116726,0.10911704759558837,2022-11-30,-0.001978346801825251,-0.0071396934555788966,fold3,price_vs_ma60,
1715.0,0.037494743582206655,0.03462415084125276,0.03996019256707863,0.030902413317220278,2023-01-31,-0.0028705927409538937,-0.009057779249858355,fold4,price_vs_ma60,
2135.0,-0.11865531618150317,-0.11563765654503773,-0.08952444728408479,-0.09924176931501255,2023-02-28,0.0030176596364654418,-0.00971732203092776,fold4,price_vs_ma60,
2004.0,-0.002763057128376649,0.015607769407934931,0.02553456688559175,0.04707565111897151,2023-03-31,0.01837082653631158,0.02154108423337976,fold4,price_vs_ma60,
2105.0,0.05603002673583676,0.06081218787498404,0.05534909500004731,0.06457947909856487,2023-04-28,0.004782161139147277,0.009230384098517563,fold4,price_vs_ma60,
2000.0,-0.01702994362194987,0.010262067456181453,-0.010559278614987202,-0.0033451674868244124,2023-05-31,0.027292011078131322,0.00721411112816279,fold4,price_vs_ma60,
1953.0,0.15347899391127479,0.14763398907150468,0.1539298023585961,0.1422400741715101,2023-06-30,-0.0058450048397701015,-0.011689728187085996,fold4,price_vs_ma60,
2029.0,-0.049908930607574224,-0.031413445423342165,-0.04214551436147122,-0.01385167795168154,2023-07-31,0.01849548518423206,0.028293836409789684,fold4,price_vs_ma60,
1850.0,0.16376637619301876,0.12734393637294905,0.15762183310691047,0.12441414126369948,2023-08-31,-0.03642243982006971,-0.033207691843210985,fold4,price_vs_ma60,
1783.0,0.06176964541812974,0.05304218677398476,0.06046173581254537,0.05533547669253645,2023-09-28,-0.008727458644144974,-0.005126259120008914,fold4,price_vs_ma60,
1781.0,-0.02537504180401288,-0.02699946535669849,-0.060463005666701396,-0.05211215605293064,2023-10-31,-0.001624423552685609,0.008350849613770757,fold4,price_vs_ma60,
2040.0,0.14542940168076968,0.13808886920484456,0.1419804655811185,0.11157059516614672,2023-11-30,-0.007340532475925116,-0.03040987041497177,fold4,price_vs_ma60,
,,,,,2018-01-31,,,,price_vs_ma60,0.011568508468425045
,,,,,2018-02-28,,,,price_vs_ma60,-0.13479720053510855
,,,,,2018-03-30,,,,price_vs_ma60,0.03466725757800592
,,,,,2018-04-27,,,,price_vs_ma60,0.24661851093116877
,,,,,2018-05-31,,,,price_vs_ma60,-0.016373381100255227
,,,,,2018-06-29,,,,price_vs_ma60,0.03801626432547693
,,,,,2018-07-31,,,,price_vs_ma60,0.07203664963131169
,,,,,2018-08-31,,,,price_vs_ma60,-0.09835738804664584
,,,,,2018-09-28,,,,price_vs_ma60,0.12790782151238395
,,,,,2018-10-31,,,,price_vs_ma60,-0.2134838196872004
,,,,,2018-11-30,,,,price_vs_ma60,0.010155068161826718
,,,,,2018-12-28,,,,price_vs_ma60,-0.07051849602400789
,,,,,2019-01-31,,,,price_vs_ma60,-0.5976954531985355
,,,,,2019-02-28,,,,price_vs_ma60,0.14051998069669364
,,,,,2019-03-29,,,,price_vs_ma60,0.03435527853825312
,,,,,2019-04-30,,,,price_vs_ma60,0.033951671632390906
,,,,,2019-05-31,,,,price_vs_ma60,0.12034021428195041
,,,,,2019-06-28,,,,price_vs_ma60,-0.186041755990277
,,,,,2019-07-31,,,,price_vs_ma60,0.1180311377491706
,,,,,2019-08-30,,,,price_vs_ma60,0.06646606616091912
,,,,,2019-09-30,,,,price_vs_ma60,-0.07934970973750605
,,,,,2019-10-31,,,,price_vs_ma60,0.07813379081836756
,,,,,2019-11-29,,,,price_vs_ma60,0.05218696393811468
,,,,,2019-12-31,,,,price_vs_ma60,0.01448971251920521
,,,,,2020-01-23,,,,price_vs_ma60,-0.15852551965667352
,,,,,2020-02-28,,,,price_vs_ma60,0.08333564864092864
,,,,,2020-03-31,,,,price_vs_ma60,0.014488693171175317
,,,,,2020-04-30,,,,price_vs_ma60,0.05983919761033707
,,,,,2020-05-29,,,,price_vs_ma60,-0.018898832092149594
,,,,,2020-06-30,,,,price_vs_ma60,0.03536390155143431
,,,,,2020-07-31,,,,price_vs_ma60,-0.04693094536814557
,,,,,2020-08-31,,,,price_vs_ma60,0.030893362774684848
,,,,,2020-09-30,,,,price_vs_ma60,-0.08388666648092652
,,,,,2020-10-30,,,,price_vs_ma60,-0.06829752709705933
,,,,,2020-11-30,,,,price_vs_ma60,-0.01736688575358694
,,,,,2020-12-31,,,,price_vs_ma60,0.012189332767378727
,,,,,2021-01-29,,,,price_vs_ma60,-0.3036844341485552
,,,,,2021-02-26,,,,price_vs_ma60,0.10698489953207185
,,,,,2021-03-31,,,,price_vs_ma60,0.001372388313614215
,,,,,2021-04-30,,,,price_vs_ma60,0.08521793380786269
,,,,,2021-05-31,,,,price_vs_ma60,-0.012390447494174376
,,,,,2021-06-30,,,,price_vs_ma60,0.08312505164423263
,,,,,2021-07-30,,,,price_vs_ma60,-0.07289358679928672
,,,,,2021-08-31,,,,price_vs_ma60,-0.024097479756866044
,,,,,2021-09-30,,,,price_vs_ma60,-0.23786898855315475
,,,,,2021-10-29,,,,price_vs_ma60,0.01102520977702811
,,,,,2021-11-30,,,,price_vs_ma60,0.025530909524370798
,,,,,2021-12-31,,,,price_vs_ma60,0.27123581380927414
,,,,,2022-01-28,,,,price_vs_ma60,0.049553562174961166
,,,,,2022-02-28,,,,price_vs_ma60,0.09995232720714534
,,,,,2022-03-31,,,,price_vs_ma60,-0.015449921547945895
,,,,,2022-04-29,,,,price_vs_ma60,-0.2834580908761084
,,,,,2022-05-31,,,,price_vs_ma60,-0.2827359023019662
,,,,,2022-06-30,,,,price_vs_ma60,0.07419799238144331
,,,,,2022-07-29,,,,price_vs_ma60,0.0811299198378517
,,,,,2022-08-31,,,,price_vs_ma60,0.05007497900194936
,,,,,2022-09-30,,,,price_vs_ma60,-0.05591014345329419
,,,,,2022-10-31,,,,price_vs_ma60,0.3608590679275414
,,,,,2022-11-30,,,,price_vs_ma60,-0.00012436016286246034
,,,,,2022-12-30,,,,price_vs_ma60,0.04472778206108959
,,,,,2023-01-31,,,,price_vs_ma60,-0.0011265236452193308
,,,,,2023-02-28,,,,price_vs_ma60,0.02299818094935612
,,,,,2023-03-31,,,,price_vs_ma60,0.05569063871598568
,,,,,2023-04-28,,,,price_vs_ma60,-0.01964062430542139
,,,,,2023-05-31,,,,price_vs_ma60,0.05696967795339081
,,,,,2023-06-30,,,,price_vs_ma60,0.3090686118654985
,,,,,2023-07-31,,,,price_vs_ma60,-0.09677007742198858
,,,,,2023-08-31,,,,price_vs_ma60,0.14091949034871645
,,,,,2023-09-28,,,,price_vs_ma60,-0.029722659647118153
,,,,,2023-10-31,,,,price_vs_ma60,-0.07865906247973764
,,,,,2023-11-30,,,,price_vs_ma60,0.152896358819608
1383.0,-0.05656014177733378,-0.07747615761844578,0.007344882545382596,-0.013937714471852094,2020-01-23,-0.020916015841112003,-0.02128259701723469,fold1,volatility_60,
1725.0,0.009597363328254335,0.011197646480397217,0.04830147064874413,0.05703298116788597,2020-02-28,0.0016002831521428826,0.008731510519141845,fold1,volatility_60,
1857.0,0.07120601376621263,0.07121998824538461,0.09332066738956876,0.0847169697465611,2020-03-31,1.3974479171979803e-05,-0.008603697643007668,fold1,volatility_60,
1409.0,-0.0369831956926793,-0.028831996036965964,-0.01046886961067199,0.016239779582085972,2020-04-30,0.008151199655713336,0.026708649192757963,fold1,volatility_60,
1358.0,0.00619148577642088,0.0022793970099321847,-0.013787903831708689,-0.0013061257280112778,2020-05-29,-0.003912088766488695,0.01248177810369741,fold1,volatility_60,
1425.0,0.011860820756339298,0.01242513345210604,0.006872984425515598,-0.0009488149591700712,2020-06-30,0.0005643126957667419,-0.00782179938468567,fold1,volatility_60,
2085.0,0.12392312908472747,0.120602552107072,0.15399999824249055,0.15037865256079944,2020-07-31,-0.0033205769776554622,-0.0036213456816911183,fold1,volatility_60,
2058.0,-0.03210946922924628,-0.041604665424465274,0.011984043796222095,-0.0007470014183727903,2020-08-31,-0.009495196195218991,-0.012731045214594885,fold1,volatility_60,
1743.0,-0.032509846781176154,-0.019543419887406793,-0.015638637187739786,-0.010014660181349418,2020-09-30,0.01296642689376936,0.005623977006390368,fold1,volatility_60,
1496.0,0.08116528519582814,0.05850542096976011,0.08633691761780975,0.060806719861991314,2020-10-30,-0.022659864226068027,-0.025530197755818433,fold1,volatility_60,
1644.0,-0.005342738964095117,-0.008910662056151555,0.045609926473708436,0.04602338573274219,2020-11-30,-0.0035679230920564386,0.0004134592590337577,fold1,volatility_60,
1549.0,-0.006238043466976347,-0.03953096226255137,-0.006886410578159798,-0.024086972375199796,2021-01-29,-0.03329291879557503,-0.01720056179704,fold2,volatility_60,
1423.0,0.025159406772865364,0.021518887337322566,0.003023363180593238,0.007379599335351543,2021-02-26,-0.003640519435542798,0.004356236154758305,fold2,volatility_60,
1469.0,0.13073580711939986,0.13085588305103518,0.15250768882676427,0.16002563573949613,2021-03-31,0.00012007593163532171,0.00751794691273186,fold2,volatility_60,
1443.0,-0.0371106146305024,-0.02398885917807457,-0.045333437629164586,-0.052524785892183116,2021-04-30,0.01312175545242783,-0.007191348263018531,fold2,volatility_60,
1510.0,0.04119446488364553,0.06957296171217309,0.062482056481457625,0.07476701685822847,2021-05-31,0.028378496828527555,0.012284960376770841,fold2,volatility_60,
1702.0,0.034867714599210634,0.003236940023623911,0.03179909808683955,0.021854494265181258,2021-06-30,-0.031630774575586725,-0.00994460382165829,fold2,volatility_60,
1819.0,0.035023856416728914,0.026391594487576008,0.058854814366538895,0.04901865689457357,2021-07-30,-0.008632261929152906,-0.009836157471965326,fold2,volatility_60,
1977.0,0.06274579886767101,0.04531863992083108,0.025811921873174774,0.005736263552399639,2021-08-31,-0.01742715894683993,-0.020075658320775135,fold2,volatility_60,
2121.0,0.12961786796086447,0.12789789317876393,0.14118165042897352,0.14476795833657344,2021-09-30,-0.0017199747821005362,0.0035863079075999227,fold2,volatility_60,
1792.0,0.06073424953642148,0.04451296296937015,0.04482643382285687,0.03433182047932928,2021-10-29,-0.01622128656705133,-0.010494613343527595,fold2,volatility_60,
1976.0,0.044546840962735715,0.04614353710675574,0.015382807531214463,0.02306559286427847,2021-11-30,0.0015966961440200267,0.007682785333064008,fold2,volatility_60,
2269.0,0.009319149088505964,1.585076347837484e-05,0.02062278684853676,0.025293596016510128,2022-01-28,-0.009303298325027588,0.004670809167973369,fold3,volatility_60,
1951.0,-0.04879255808401203,-0.03312534166126519,-0.055885038606598186,-0.030556794859362055,2022-02-28,0.015667216422746842,0.02532824374723613,fold3,volatility_60,
2065.0,0.2226890601563339,0.21248606151796112,0.25239888899221524,0.22464446156044796,2022-03-31,-0.01020299863837279,-0.027754427431767287,fold3,volatility_60,
1923.0,0.16449295110820178,0.17950628193721235,0.24760149992805267,0.2606809770099917,2022-04-29,0.015013330829010574,0.013079477081939045,fold3,volatility_60,
1833.0,0.1052172980490801,0.12813725312077504,0.09614944069786016,0.12527411507348832,2022-05-31,0.022919955071694934,0.029124674375628157,fold3,volatility_60,
2161.0,-0.21712126089916572,-0.1928064759784224,-0.16409293834924576,-0.15112580866712577,2022-06-30,0.02431478492074332,0.012967129682119993,fold3,volatility_60,
2167.0,0.054205492725580305,0.073733338342023,0.04180521060086617,0.04856008842736301,2022-07-29,0.019527845616442698,0.006754877826496836,fold3,volatility_60,
2199.0,-0.013900931706686992,-0.0034056613193572233,0.02999341291739902,0.02784232610846807,2022-08-31,0.010495270387329768,-0.00215108680893095,fold3,volatility_60,
1872.0,0.15000205701731478,0.15207174141228846,0.17964633896201296,0.19439891959618777,2022-09-30,0.002069684394973681,0.014752580634174811,fold3,volatility_60,
1688.0,0.03469604520080074,0.024170440652394907,0.06050483508882846,0.05450403664334896,2022-10-31,-0.010525604548405832,-0.006000798445479495,fold3,volatility_60,
2117.0,0.09428078435265892,0.08783447596993137,0.11625674105116726,0.11940391422409015,2022-11-30,-0.006446308382727556,0.0031471731729228875,fold3,volatility_60,
1715.0,0.037494743582206655,0.061393955275981585,0.03996019256707863,0.06997160886009665,2023-01-31,0.02389921169377493,0.03001141629301802,fold4,volatility_60,
2135.0,-0.11865531618150317,-0.12391377300069925,-0.08952444728408479,-0.0943517772224565,2023-02-28,-0.005258456819196081,-0.004827329938371705,fold4,volatility_60,
2004.0,-0.002763057128376649,0.014527986070974587,0.02553456688559175,0.04317230459027673,2023-03-31,0.017291043199351236,0.01763773770468498,fold4,volatility_60,
2105.0,0.05603002673583676,0.04595357859187029,0.05534909500004731,0.045485937800518864,2023-04-28,-0.010076448143966472,-0.009863157199528447,fold4,volatility_60,
2000.0,-0.01702994362194987,-0.015519390831379012,-0.010559278614987202,-0.017900309280591258,2023-05-31,0.0015105527905708571,-0.007341030665604056,fold4,volatility_60,
1953.0,0.15347899391127479,0.1329208337346965,0.1539298023585961,0.14203252936391902,2023-06-30,-0.0205581601765783,-0.011897272994677077,fold4,volatility_60,
2029.0,-0.049908930607574224,-0.04334619546145119,-0.04214551436147122,-0.03951608344923985,2023-07-31,0.006562735146123037,0.002629430912231376,fold4,volatility_60,
1850.0,0.16376637619301876,0.14753843866077124,0.15762183310691047,0.14388512501126824,2023-08-31,-0.01622793753224752,-0.01373670809564223,fold4,volatility_60,
1783.0,0.06176964541812974,0.053607839212694734,0.06046173581254537,0.06252650021013036,2023-09-28,-0.008161806205435003,0.0020647643975849894,fold4,volatility_60,
1781.0,-0.02537504180401288,-0.04230950049810021,-0.060463005666701396,-0.0707909936190754,2023-10-31,-0.016934458694087325,-0.010327987952374003,fold4,volatility_60,
2040.0,0.14542940168076968,0.1429541740773522,0.1419804655811185,0.15329013797052232,2023-11-30,-0.002475227603417479,0.011309672389403835,fold4,volatility_60,
,,,,,2018-01-31,,,,volatility_60,-0.20247452806191443
,,,,,2018-02-28,,,,volatility_60,-0.1763966516071463
,,,,,2018-03-30,,,,volatility_60,0.01091649131126325
,,,,,2018-04-27,,,,volatility_60,0.016859526317716103
,,,,,2018-05-31,,,,volatility_60,-0.038898500576701266
,,,,,2018-06-29,,,,volatility_60,-0.06269988644995103
,,,,,2018-07-31,,,,volatility_60,-0.011394921173985214
,,,,,2018-08-31,,,,volatility_60,-0.07482085338083644
,,,,,2018-09-28,,,,volatility_60,-0.05933817551399317
,,,,,2018-10-31,,,,volatility_60,0.05780098011968089
,,,,,2018-11-30,,,,volatility_60,-0.056245574210102636
,,,,,2018-12-28,,,,volatility_60,-0.04519511877020561
,,,,,2019-01-31,,,,volatility_60,0.06718620016155674
,,,,,2019-02-28,,,,volatility_60,0.04308874496763824
,,,,,2019-03-29,,,,volatility_60,-0.10366581744258041
,,,,,2019-04-30,,,,volatility_60,-0.05617924763594455
,,,,,2019-05-31,,,,volatility_60,-0.014853030330084156
,,,,,2019-06-28,,,,volatility_60,-0.059372455354776046
,,,,,2019-07-31,,,,volatility_60,0.04327478064650095
,,,,,2019-08-30,,,,volatility_60,-0.06141776857245749
,,,,,2019-09-30,,,,volatility_60,-0.04849807431174607
,,,,,2019-10-31,,,,volatility_60,-0.06261378473131242
,,,,,2019-11-29,,,,volatility_60,-0.07363473676201043
,,,,,2019-12-31,,,,volatility_60,0.0033338429348249666
,,,,,2020-01-23,,,,volatility_60,-0.021878587727863264
,,,,,2020-02-28,,,,volatility_60,0.007160372369861161
,,,,,2020-03-31,,,,volatility_60,-0.0418796861709503
,,,,,2020-04-30,,,,volatility_60,-0.0231606626456034
,,,,,2020-05-29,,,,volatility_60,-0.022802865946310605
,,,,,2020-06-30,,,,volatility_60,-0.08992737684631004
,,,,,2020-07-31,,,,volatility_60,-0.016718366675220777
,,,,,2020-08-31,,,,volatility_60,-0.03521023143581226
,,,,,2020-09-30,,,,volatility_60,-0.02329315082181047
,,,,,2020-10-30,,,,volatility_60,-0.07231198206908546
,,,,,2020-11-30,,,,volatility_60,0.10074505271208156
,,,,,2020-12-31,,,,volatility_60,0.013726489899652038
,,,,,2021-01-29,,,,volatility_60,-0.026224310573001113
,,,,,2021-02-26,,,,volatility_60,0.01303666354091505
,,,,,2021-03-31,,,,volatility_60,0.06915030047138457
,,,,,2021-04-30,,,,volatility_60,0.13989169842979465
,,,,,2021-05-31,,,,volatility_60,0.06092578519888716
,,,,,2021-06-30,,,,volatility_60,-0.02490069676478373
,,,,,2021-07-30,,,,volatility_60,-0.00851361116963075
,,,,,2021-08-31,,,,volatility_60,-0.0805380986447185
,,,,,2021-09-30,,,,volatility_60,-0.03885103929179329
,,,,,2021-10-29,,,,volatility_60,0.049655565111273205
,,,,,2021-11-30,,,,volatility_60,-0.10096137655552212
,,,,,2021-12-31,,,,volatility_60,0.004592487231546245
,,,,,2022-01-28,,,,volatility_60,0.03942084357222204
,,,,,2022-02-28,,,,volatility_60,0.0006840753004833312
,,,,,2022-03-31,,,,volatility_60,-0.12426407720942846
,,,,,2022-04-29,,,,volatility_60,0.0183906405145874
,,,,,2022-05-31,,,,volatility_60,-0.0037686688154123043
,,,,,2022-06-30,,,,volatility_60,0.03537941606375496
,,,,,2022-07-29,,,,volatility_60,-0.03500799520469421
,,,,,2022-08-31,,,,volatility_60,-0.0018890839564477857
,,,,,2022-09-30,,,,volatility_60,-0.0170884048026176
,,,,,2022-10-31,,,,volatility_60,-0.08226224398134642
,,,,,2022-11-30,,,,volatility_60,-0.010189113381732203
,,,,,2022-12-30,,,,volatility_60,0.035699264521177616
,,,,,2023-01-31,,,,volatility_60,-0.08880717452298344
,,,,,2023-02-28,,,,volatility_60,-0.0738752893144367
,,,,,2023-03-31,,,,volatility_60,-0.05429406636617112
,,,,,2023-04-28,,,,volatility_60,0.022698246483836528
,,,,,2023-05-31,,,,volatility_60,0.06669212609504953
,,,,,2023-06-30,,,,volatility_60,-0.11647302861259867
,,,,,2023-07-31,,,,volatility_60,-0.06886705601298458
,,,,,2023-08-31,,,,volatility_60,-0.05861379314346175
,,,,,2023-09-28,,,,volatility_60,-0.020278783255092886
,,,,,2023-10-31,,,,volatility_60,0.051270278177486056
,,,,,2023-11-30,,,,volatility_60,-0.04025644597737878
1383.0,-0.05656014177733378,0.04782460578991256,0.007344882545382596,0.08050732042774461,2020-01-23,0.10438474756724633,0.07316243788236201,fold1,gap_count_20,
1725.0,0.009597363328254335,-0.020614890560373005,0.04830147064874413,0.0025999476511663813,2020-02-28,-0.03021225388862734,-0.045701522997577744,fold1,gap_count_20,
1857.0,0.07120601376621263,0.14428594357400648,0.09332066738956876,0.16782563939825315,2020-03-31,0.07307992980779385,0.07450497200868439,fold1,gap_count_20,
1409.0,-0.0369831956926793,0.06450016207451414,-0.01046886961067199,0.05439782896044187,2020-04-30,0.10148335776719344,0.06486669857111385,fold1,gap_count_20,
1358.0,0.00619148577642088,0.07741179635592342,-0.013787903831708689,0.06418386174308092,2020-05-29,0.07122031057950254,0.07797176557478962,fold1,gap_count_20,
1425.0,0.011860820756339298,-0.07255414870806653,0.006872984425515598,-0.11833847975271594,2020-06-30,-0.08441496946440583,-0.12521146417823154,fold1,gap_count_20,
2085.0,0.12392312908472747,0.11177907100794442,0.15399999824249055,0.13270804272813158,2020-07-31,-0.012144058076783051,-0.021291955514358973,fold1,gap_count_20,
2058.0,-0.03210946922924628,-0.05000561205190381,0.011984043796222095,-0.008971072704254788,2020-08-31,-0.01789614282265753,-0.020955116500476885,fold1,gap_count_20,
1743.0,-0.032509846781176154,0.043394828522628125,-0.015638637187739786,0.015595330999898481,2020-09-30,0.07590467530380428,0.031233968187638267,fold1,gap_count_20,
1496.0,0.08116528519582814,0.025775118510494934,0.08633691761780975,0.030798047893254108,2020-10-30,-0.0553901666853332,-0.05553886972455564,fold1,gap_count_20,
1644.0,-0.005342738964095117,0.07648570254820229,0.045609926473708436,0.10707565708126272,2020-11-30,0.08182844151229741,0.06146573060755429,fold1,gap_count_20,
1549.0,-0.006238043466976347,-0.09037150480059387,-0.006886410578159798,-0.08042885217432813,2021-01-29,-0.08413346133361753,-0.07354244159616834,fold2,gap_count_20,
1423.0,0.025159406772865364,-0.029077333400896792,0.003023363180593238,-0.03168095878599328,2021-02-26,-0.054236740173762156,-0.034704321966586515,fold2,gap_count_20,
1469.0,0.13073580711939986,0.09861491733379185,0.15250768882676427,0.11100866108561651,2021-03-31,-0.03212088978560801,-0.04149902774114776,fold2,gap_count_20,
1443.0,-0.0371106146305024,0.019365399883911727,-0.045333437629164586,-0.03078684499150429,2021-04-30,0.05647601451441413,0.014546592637660297,fold2,gap_count_20,
1510.0,0.04119446488364553,-0.0035384739630010525,0.062482056481457625,-0.02828952415233956,2021-05-31,-0.044732938846646586,-0.09077158063379719,fold2,gap_count_20,
1702.0,0.034867714599210634,-0.0034330800763089048,0.03179909808683955,0.00959414656203768,2021-06-30,-0.038300794675519535,-0.02220495152480187,fold2,gap_count_20,
1819.0,0.035023856416728914,0.05614148962255398,0.058854814366538895,0.059972636703230595,2021-07-30,0.02111763320582507,0.0011178223366916998,fold2,gap_count_20,
1977.0,0.06274579886767101,0.10674395838136984,0.025811921873174774,0.09847374675761912,2021-08-31,0.04399815951369883,0.07266182488444435,fold2,gap_count_20,
2121.0,0.12961786796086447,0.08580048446163853,0.14118165042897352,0.09388153539524197,2021-09-30,-0.04381738349922594,-0.04730011503373155,fold2,gap_count_20,
1792.0,0.06073424953642148,0.031060436757333717,0.04482643382285687,0.0315969745522366,2021-10-29,-0.029673812779087764,-0.013229459270620275,fold2,gap_count_20,
1976.0,0.044546840962735715,-0.024900822133814716,0.015382807531214463,-0.0092443582118176,2021-11-30,-0.06944766309655043,-0.024627165743032062,fold2,gap_count_20,
2269.0,0.009319149088505964,-0.061080209092492344,0.02062278684853676,-0.02662014260412802,2022-01-28,-0.07039935818099831,-0.047242929452664784,fold3,gap_count_20,
1951.0,-0.04879255808401203,0.02140276445152504,-0.055885038606598186,0.06354443564021894,2022-02-28,0.07019532253553708,0.11942947424681713,fold3,gap_count_20,
2065.0,0.2226890601563339,0.34996158291439516,0.25239888899221524,0.3922653637685765,2022-03-31,0.12727252275806125,0.13986647477636127,fold3,gap_count_20,
1923.0,0.16449295110820178,0.15248342700647793,0.24760149992805267,0.18920031815362934,2022-04-29,-0.012009524101723845,-0.05840118177442333,fold3,gap_count_20,
1833.0,0.1052172980490801,0.09827456769124171,0.09614944069786016,0.12753859034470047,2022-05-31,-0.006942730357838392,0.03138914964684031,fold3,gap_count_20,
2161.0,-0.21712126089916572,-0.26711739952826946,-0.16409293834924576,-0.19489738323757197,2022-06-30,-0.04999613862910374,-0.030804444888326205,fold3,gap_count_20,
2167.0,0.054205492725580305,0.1345476728335814,0.04180521060086617,0.17412122157169474,2022-07-29,0.0803421801080011,0.13231601097082857,fold3,gap_count_20,
2199.0,-0.013900931706686992,0.08274295269410133,0.02999341291739902,0.1308560149456064,2022-08-31,0.09664388440078832,0.10086260202820738,fold3,gap_count_20,
1872.0,0.15000205701731478,0.0040897156927947,0.17964633896201296,-0.01599029989812592,2022-09-30,-0.14591234132452008,-0.19563663886013888,fold3,gap_count_20,
1688.0,0.03469604520080074,0.03859299853926397,0.06050483508882846,0.09425030471510831,2022-10-31,0.0038969533384632313,0.033745469626279855,fold3,gap_count_20,
2117.0,0.09428078435265892,0.08916010455623091,0.11625674105116726,0.10517884755769061,2022-11-30,-0.00512067979642801,-0.011077893493476654,fold3,gap_count_20,
1715.0,0.037494743582206655,0.04544115288857925,0.03996019256707863,0.016438026237017848,2023-01-31,0.007946409306372595,-0.023522166330060785,fold4,gap_count_20,
2135.0,-0.11865531618150317,0.09510075438006695,-0.08952444728408479,0.08001408743082554,2023-02-28,0.21375607056157012,0.16953853471491032,fold4,gap_count_20,
2004.0,-0.002763057128376649,0.0310289852972685,0.02553456688559175,0.028868202627170166,2023-03-31,0.03379204242564515,0.0033336357415784147,fold4,gap_count_20,
2105.0,0.05603002673583676,0.16420797604249204,0.05534909500004731,0.20621711128135395,2023-04-28,0.10817794930665528,0.15086801628130664,fold4,gap_count_20,
2000.0,-0.01702994362194987,0.04145810908644425,-0.010559278614987202,0.12858103693140602,2023-05-31,0.05848805270839412,0.13914031554639322,fold4,gap_count_20,
1953.0,0.15347899391127479,0.40527850719491243,0.1539298023585961,0.4620374649726255,2023-06-30,0.25179951328363764,0.3081076626140294,fold4,gap_count_20,
2029.0,-0.049908930607574224,-0.014052701269112705,-0.04214551436147122,-0.0013812270635929077,2023-07-31,0.03585622933846152,0.040764287297878316,fold4,gap_count_20,
1850.0,0.16376637619301876,0.06420711297262736,0.15762183310691047,0.0729916905754277,2023-08-31,-0.0995592632203914,-0.08463014253148277,fold4,gap_count_20,
1783.0,0.06176964541812974,-0.07127783539544132,0.06046173581254537,-0.10964411463403714,2023-09-28,-0.13304748081357104,-0.1701058504465825,fold4,gap_count_20,
1781.0,-0.02537504180401288,0.0638167410366277,-0.060463005666701396,0.09138252637861727,2023-10-31,0.08919178284064058,0.15184553204531867,fold4,gap_count_20,
2040.0,0.14542940168076968,0.11621291818632157,0.1419804655811185,0.035505588897875216,2023-11-30,-0.02921648349444811,-0.10647487668324326,fold4,gap_count_20,
,,,,,2018-01-31,,,,gap_count_20,-0.07198044937315487
,,,,,2018-02-28,,,,gap_count_20,-0.09603551235147598
,,,,,2018-03-30,,,,gap_count_20,0.04416698068338505
,,,,,2018-04-27,,,,gap_count_20,-0.01739844871695795
,,,,,2018-05-31,,,,gap_count_20,-0.03271835103209641
,,,,,2018-06-29,,,,gap_count_20,0.037856648978705686
,,,,,2018-07-31,,,,gap_count_20,-0.10840803702797822
,,,,,2018-08-31,,,,gap_count_20,-0.044411880304400096
,,,,,2018-09-28,,,,gap_count_20,-0.011027525087018942
,,,,,2018-10-31,,,,gap_count_20,-0.011437860644865013
,,,,,2018-11-30,,,,gap_count_20,0.00010874637330845505
,,,,,2018-12-28,,,,gap_count_20,0.08126406087674407
,,,,,2019-01-31,,,,gap_count_20,-0.0377432895683381
,,,,,2019-02-28,,,,gap_count_20,-0.023183236607688677
,,,,,2019-03-29,,,,gap_count_20,-0.009570431393805702
,,,,,2019-04-30,,,,gap_count_20,-0.005580192939165992
,,,,,2019-05-31,,,,gap_count_20,0.002966851043386689
,,,,,2019-06-28,,,,gap_count_20,-0.08907171133777352
,,,,,2019-07-31,,,,gap_count_20,-0.027240804711838068
,,,,,2019-08-30,,,,gap_count_20,-0.04324580850629104
,,,,,2019-09-30,,,,gap_count_20,-0.03312971117455032
,,,,,2019-10-31,,,,gap_count_20,-0.0030425539822787474
,,,,,2019-11-29,,,,gap_count_20,-0.02628141966765006
,,,,,2019-12-31,,,,gap_count_20,-0.03573340647613567
,,,,,2020-01-23,,,,gap_count_20,0.07189179588572644
,,,,,2020-02-28,,,,gap_count_20,0.04276427877495304
,,,,,2020-03-31,,,,gap_count_20,-0.04392325298821718
,,,,,2020-04-30,,,,gap_count_20,0.03548734185181836
,,,,,2020-05-29,,,,gap_count_20,0.06195151901322937
,,,,,2020-06-30,,,,gap_count_20,0.00282417588446329
,,,,,2020-07-31,,,,gap_count_20,-0.1065217052726673
,,,,,2020-08-31,,,,gap_count_20,-0.0009250251425531716
,,,,,2020-09-30,,,,gap_count_20,-0.025792269768262724
,,,,,2020-10-30,,,,gap_count_20,0.03226372478754123
,,,,,2020-11-30,,,,gap_count_20,-0.07712807278187571
,,,,,2020-12-31,,,,gap_count_20,-0.06296988395840798
,,,,,2021-01-29,,,,gap_count_20,0.03703210422597412
,,,,,2021-02-26,,,,gap_count_20,0.0716192190463202
,,,,,2021-03-31,,,,gap_count_20,-0.04514778418426862
,,,,,2021-04-30,,,,gap_count_20,0.06596341738501198
,,,,,2021-05-31,,,,gap_count_20,0.03257318632480939
,,,,,2021-06-30,,,,gap_count_20,-0.026524667502440438
,,,,,2021-07-30,,,,gap_count_20,0.04857515888704116
,,,,,2021-08-31,,,,gap_count_20,-0.10009486417206571
,,,,,2021-09-30,,,,gap_count_20,-0.0903748229135985
,,,,,2021-10-29,,,,gap_count_20,-0.012612571614535339
,,,,,2021-11-30,,,,gap_count_20,-0.057908090778610234
,,,,,2021-12-31,,,,gap_count_20,0.016596072853434802
,,,,,2022-01-28,,,,gap_count_20,0.009926823773728544
,,,,,2022-02-28,,,,gap_count_20,0.004628036986623231
,,,,,2022-03-31,,,,gap_count_20,0.002137644063191727
,,,,,2022-04-29,,,,gap_count_20,0.012655915898709564
,,,,,2022-05-31,,,,gap_count_20,-0.013906843033484353
,,,,,2022-06-30,,,,gap_count_20,-0.02468637584276807
,,,,,2022-07-29,,,,gap_count_20,0.0006910722529521078
,,,,,2022-08-31,,,,gap_count_20,0.05228225421435964
,,,,,2022-09-30,,,,gap_count_20,0.017590959688135593
,,,,,2022-10-31,,,,gap_count_20,0.003344136128750956
,,,,,2022-11-30,,,,gap_count_20,0.04503058318672359
,,,,,2022-12-30,,,,gap_count_20,0.0015439432733709013
,,,,,2023-01-31,,,,gap_count_20,0.04694750865750045
,,,,,2023-02-28,,,,gap_count_20,-0.030832125666934915
,,,,,2023-03-31,,,,gap_count_20,0.031840286858233216
,,,,,2023-04-28,,,,gap_count_20,-0.021268968286454075
,,,,,2023-05-31,,,,gap_count_20,0.02713534128928069
,,,,,2023-06-30,,,,gap_count_20,0.06783156634421254
,,,,,2023-07-31,,,,gap_count_20,-0.025551849050108877
,,,,,2023-08-31,,,,gap_count_20,-0.033487334491064294
,,,,,2023-09-28,,,,gap_count_20,-0.009037289404747567
,,,,,2023-10-31,,,,gap_count_20,0.03399044213244305
,,,,,2023-11-30,,,,gap_count_20,0.023043968101484458
1383.0,-0.05656014177733378,-0.06495255359581344,0.007344882545382596,0.009542793348491068,2020-01-23,-0.008392411818479655,0.002197910803108472,fold1,price_vs_ma120,
1725.0,0.009597363328254335,0.0029569585161578855,0.04830147064874413,0.037524145174780484,2020-02-28,-0.006640404812096449,-0.010777325473963643,fold1,price_vs_ma120,
1857.0,0.07120601376621263,0.07856614674187752,0.09332066738956876,0.0947336587095398,2020-03-31,0.0073601329756648876,0.001412991319971038,fold1,price_vs_ma120,
1409.0,-0.0369831956926793,-0.031990737798613195,-0.01046886961067199,-0.004634764919562715,2020-04-30,0.004992457894066105,0.005834104691109276,fold1,price_vs_ma120,
1358.0,0.00619148577642088,0.008094368794219507,-0.013787903831708689,0.006194678682915137,2020-05-29,0.0019028830177986273,0.019982582514623825,fold1,price_vs_ma120,
1425.0,0.011860820756339298,0.015374991075438627,0.006872984425515598,0.008812204880432386,2020-06-30,0.003514170319099329,0.0019392204549167876,fold1,price_vs_ma120,
2085.0,0.12392312908472747,0.09508960081263332,0.15399999824249055,0.12782420470871508,2020-07-31,-0.02883352827209415,-0.02617579353377547,fold1,price_vs_ma120,
2058.0,-0.03210946922924628,-0.04420509997187699,0.011984043796222095,0.0030402480212861427,2020-08-31,-0.01209563074263071,-0.008943795774935953,fold1,price_vs_ma120,
1743.0,-0.032509846781176154,-0.04157063942916184,-0.015638637187739786,-0.009410793803199329,2020-09-30,-0.009060792647985684,0.006227843384540457,fold1,price_vs_ma120,
1496.0,0.08116528519582814,0.07023522115484883,0.08633691761780975,0.06464444585891119,2020-10-30,-0.010930064040979307,-0.02169247175889856,fold1,price_vs_ma120,
1644.0,-0.005342738964095117,0.008751927840057667,0.045609926473708436,0.044589147825705104,2020-11-30,0.014094666804152785,-0.0010207786480033315,fold1,price_vs_ma120,
1549.0,-0.006238043466976347,-0.010983542304093562,-0.006886410578159798,-0.0018810352668920682,2021-01-29,-0.004745498837117215,0.00500537531126773,fold2,price_vs_ma120,
1423.0,0.025159406772865364,0.04592891800835423,0.003023363180593238,0.03175195167026742,2021-02-26,0.02076951123548887,0.02872858848967418,fold2,price_vs_ma120,
1469.0,0.13073580711939986,0.12763024502658513,0.15250768882676427,0.1587780388357398,2021-03-31,-0.0031055620928147343,0.006270350008975523,fold2,price_vs_ma120,
1443.0,-0.0371106146305024,-0.030355369895623686,-0.045333437629164586,-0.04704327608573976,2021-04-30,0.006755244734878714,-0.0017098384565751718,fold2,price_vs_ma120,
1510.0,0.04119446488364553,0.05791034809867357,0.062482056481457625,0.07764881239805839,2021-05-31,0.016715883215028038,0.015166755916600765,fold2,price_vs_ma120,
1702.0,0.034867714599210634,0.02803423951637424,0.03179909808683955,0.033859704750979054,2021-06-30,-0.006833475082836393,0.002060606664139507,fold2,price_vs_ma120,
1819.0,0.035023856416728914,0.04568764541292746,0.058854814366538895,0.06960356157388466,2021-07-30,0.010663788996198548,0.010748747207345762,fold2,price_vs_ma120,
1977.0,0.06274579886767101,0.04788451197681318,0.025811921873174774,0.006168529504078822,2021-08-31,-0.014861286890857833,-0.01964339236909595,fold2,price_vs_ma120,
2121.0,0.12961786796086447,0.137827789939963,0.14118165042897352,0.14773200933242253,2021-09-30,0.008209921979098533,0.006550358903449016,fold2,price_vs_ma120,
1792.0,0.06073424953642148,0.06288520087391623,0.04482643382285687,0.06472411105238025,2021-10-29,0.0021509513374947525,0.019897677229523382,fold2,price_vs_ma120,
1976.0,0.044546840962735715,-0.020638698085127596,0.015382807531214463,-0.03878992673327211,2021-11-30,-0.06518553904786331,-0.05417273426448657,fold2,price_vs_ma120,
2269.0,0.009319149088505964,-0.007382462105720772,0.02062278684853676,0.009495315061466045,2022-01-28,-0.016701611194226737,-0.011127471787070714,fold3,price_vs_ma120,
1951.0,-0.04879255808401203,-0.035032660920444346,-0.055885038606598186,-0.04147586068380389,2022-02-28,0.013759897163567687,0.014409177922794295,fold3,price_vs_ma120,
2065.0,0.2226890601563339,0.1984167025823617,0.25239888899221524,0.2348656359872853,2022-03-31,-0.024272357573972225,-0.017533253004929944,fold3,price_vs_ma120,
1923.0,0.16449295110820178,0.14721582192977806,0.24760149992805267,0.2087533450047399,2022-04-29,-0.017277129178423722,-0.038848154923312755,fold3,price_vs_ma120,
1833.0,0.1052172980490801,0.05911990719566424,0.09614944069786016,0.04918382816965306,2022-05-31,-0.04609739085341586,-0.0469656125282071,fold3,price_vs_ma120,
2161.0,-0.21712126089916572,-0.21040673359601017,-0.16409293834924576,-0.1579361297557358,2022-06-30,0.006714527303155554,0.006156808593509977,fold3,price_vs_ma120,
2167.0,0.054205492725580305,0.07647020963767692,0.04180521060086617,0.06080367167579857,2022-07-29,0.022264716912096617,0.018998461074932402,fold3,price_vs_ma120,
2199.0,-0.013900931706686992,0.003352388596934609,0.02999341291739902,0.035535589484330006,2022-08-31,0.017253320303621603,0.005542176566930988,fold3,price_vs_ma120,
1872.0,0.15000205701731478,0.16063005479211645,0.17964633896201296,0.2017896478769078,2022-09-30,0.010627997774801667,0.022143308914894855,fold3,price_vs_ma120,
1688.0,0.03469604520080074,0.030553019977848612,0.06050483508882846,0.049654344173898045,2022-10-31,-0.004143025222952127,-0.010850490914930414,fold3,price_vs_ma120,
2117.0,0.09428078435265892,0.08957334014854147,0.11625674105116726,0.09972946951666721,2022-11-30,-0.00470744420411745,-0.01652727153450005,fold3,price_vs_ma120,
1715.0,0.037494743582206655,0.054110163310303425,0.03996019256707863,0.06834376496549065,2023-01-31,0.01661541972809677,0.028383572398412014,fold4,price_vs_ma120,
2135.0,-0.11865531618150317,-0.12278282236384354,-0.08952444728408479,-0.10039655915302424,2023-02-28,-0.004127506182340368,-0.010872111868939452,fold4,price_vs_ma120,
2004.0,-0.002763057128376649,0.009093314184225234,0.02553456688559175,0.024775537734498917,2023-03-31,0.011856371312601883,-0.000759029151092834,fold4,price_vs_ma120,
2105.0,0.05603002673583676,0.0637300156304958,0.05534909500004731,0.05939650056233925,2023-04-28,0.007699988894659032,0.004047405562291939,fold4,price_vs_ma120,
2000.0,-0.01702994362194987,-0.012039235064461964,-0.010559278614987202,-0.018190721366262822,2023-05-31,0.004990708557487905,-0.00763144275127562,fold4,price_vs_ma120,
1953.0,0.15347899391127479,0.16441082257430634,0.1539298023585961,0.16032004667138813,2023-06-30,0.010931828663031551,0.006390244312792032,fold4,price_vs_ma120,
2029.0,-0.049908930607574224,-0.02735052444606995,-0.04214551436147122,-0.020573935927232872,2023-07-31,0.022558406161504275,0.02157157843423835,fold4,price_vs_ma120,
1850.0,0.16376637619301876,0.15942336695577536,0.15762183310691047,0.16405753801662457,2023-08-31,-0.0043430092372434,0.006435704909714096,fold4,price_vs_ma120,
1783.0,0.06176964541812974,0.04929773262446737,0.06046173581254537,0.05053340076841744,2023-09-28,-0.012471912793662367,-0.009928335044127927,fold4,price_vs_ma120,
1781.0,-0.02537504180401288,-0.026976498032672006,-0.060463005666701396,-0.05312544581070622,2023-10-31,-0.001601456228659124,0.007337559855995178,fold4,price_vs_ma120,
2040.0,0.14542940168076968,0.12142943729983514,0.1419804655811185,0.13324495948972703,2023-11-30,-0.023999964380934533,-0.008735506091391454,fold4,price_vs_ma120,
,,,,,2018-02-28,,,,price_vs_ma120,-0.10966862465204628
,,,,,2018-03-30,,,,price_vs_ma120,0.0611907508969354
,,,,,2018-04-27,,,,price_vs_ma120,0.03383907491738044
,,,,,2018-05-31,,,,price_vs_ma120,0.1187204815090514
,,,,,2018-06-29,,,,price_vs_ma120,-0.002513241292217617
,,,,,2018-07-31,,,,price_vs_ma120,-0.03907807419820459
,,,,,2018-08-31,,,,price_vs_ma120,0.06899662248499457
,,,,,2018-09-28,,,,price_vs_ma120,-0.16088177099798112
,,,,,2018-10-31,,,,price_vs_ma120,-0.1513927744732774
,,,,,2018-11-30,,,,price_vs_ma120,0.17511049148478908
,,,,,2018-12-28,,,,price_vs_ma120,-0.03206288602836318
,,,,,2019-01-31,,,,price_vs_ma120,-0.06900571752970276
,,,,,2019-02-28,,,,price_vs_ma120,0.030700900241396524
,,,,,2019-03-29,,,,price_vs_ma120,-0.0009743784321687754
,,,,,2019-04-30,,,,price_vs_ma120,0.0403164247651834
,,,,,2019-05-31,,,,price_vs_ma120,0.06973568071437815
,,,,,2019-06-28,,,,price_vs_ma120,-0.02439657188078922
,,,,,2019-07-31,,,,price_vs_ma120,0.0321061495851944
,,,,,2019-08-30,,,,price_vs_ma120,-0.059762464029061754
,,,,,2019-09-30,,,,price_vs_ma120,-0.021633554548283362
,,,,,2019-10-31,,,,price_vs_ma120,-0.04108647555130158
,,,,,2019-11-29,,,,price_vs_ma120,-0.14763063518056552
,,,,,2019-12-31,,,,price_vs_ma120,0.032182366322683224
,,,,,2020-01-23,,,,price_vs_ma120,-0.04072869234542199
,,,,,2020-02-28,,,,price_vs_ma120,-0.06848837200465986
,,,,,2020-03-31,,,,price_vs_ma120,0.04133264719714242
,,,,,2020-04-30,,,,price_vs_ma120,-0.05820307126997823
,,,,,2020-05-29,,,,price_vs_ma120,0.01522747019644188
,,,,,2020-06-30,,,,price_vs_ma120,0.03686831479109242
,,,,,2020-07-31,,,,price_vs_ma120,-0.0022763300538102987
,,,,,2020-08-31,,,,price_vs_ma120,-0.015111156808320182
,,,,,2020-09-30,,,,price_vs_ma120,0.04070622096326948
,,,,,2020-10-30,,,,price_vs_ma120,0.08409384801387745
,,,,,2020-11-30,,,,price_vs_ma120,0.1008848130957472
,,,,,2020-12-31,,,,price_vs_ma120,-0.004025681154297318
,,,,,2021-01-29,,,,price_vs_ma120,0.008300967756739516
,,,,,2021-02-26,,,,price_vs_ma120,0.09551540107123196
,,,,,2021-03-31,,,,price_vs_ma120,0.013669145180707179
,,,,,2021-04-30,,,,price_vs_ma120,0.019845324681380585
,,,,,2021-05-31,,,,price_vs_ma120,-0.08818220945825271
,,,,,2021-06-30,,,,price_vs_ma120,-0.004134135572273108
,,,,,2021-07-30,,,,price_vs_ma120,0.05358146348799821
,,,,,2021-08-31,,,,price_vs_ma120,-0.08030792283466852
,,,,,2021-09-30,,,,price_vs_ma120,0.022106634806893743
,,,,,2021-10-29,,,,price_vs_ma120,0.03887640902010774
,,,,,2021-11-30,,,,price_vs_ma120,0.026577829580636838
,,,,,2021-12-31,,,,price_vs_ma120,0.05024598910525028
,,,,,2022-01-28,,,,price_vs_ma120,-0.11709016068810837
,,,,,2022-02-28,,,,price_vs_ma120,-0.029943139259478325
,,,,,2022-03-31,,,,price_vs_ma120,-0.017101938738907186
,,,,,2022-04-29,,,,price_vs_ma120,-0.11569762113544531
,,,,,2022-05-31,,,,price_vs_ma120,-0.08399981567634927
,,,,,2022-06-30,,,,price_vs_ma120,0.04203023505608954
,,,,,2022-07-29,,,,price_vs_ma120,0.02650094011950404
,,,,,2022-08-31,,,,price_vs_ma120,0.14129502957112444
,,,,,2022-09-30,,,,price_vs_ma120,0.04606036015590829
,,,,,2022-10-31,,,,price_vs_ma120,-0.11203760649594074
,,,,,2022-11-30,,,,price_vs_ma120,-0.049160473023801644
,,,,,2022-12-30,,,,price_vs_ma120,-0.13309582337928022
,,,,,2023-01-31,,,,price_vs_ma120,0.12157468117125486
,,,,,2023-02-28,,,,price_vs_ma120,0.16706232899487866
,,,,,2023-03-31,,,,price_vs_ma120,0.011965670749471493
,,,,,2023-04-28,,,,price_vs_ma120,0.039621111205121136
,,,,,2023-05-31,,,,price_vs_ma120,0.005382258521820726
,,,,,2023-06-30,,,,price_vs_ma120,-0.04858282741019139
,,,,,2023-07-31,,,,price_vs_ma120,0.14619085710286356
,,,,,2023-08-31,,,,price_vs_ma120,0.016031574912799558
,,,,,2023-09-28,,,,price_vs_ma120,0.017847830634473063
,,,,,2023-10-31,,,,price_vs_ma120,-0.11079076123937215
,,,,,2023-11-30,,,,price_vs_ma120,-0.04323233094501567
1383.0,-0.05656014177733378,-0.061637160566333365,0.007344882545382596,0.008229109077300645,2020-01-23,-0.0050770187889995835,0.0008842265319180488,fold1,downside_volatility_60,
1725.0,0.009597363328254335,0.014231770962233615,0.04830147064874413,0.058207753331697615,2020-02-28,0.004634407633979281,0.009906282682953488,fold1,downside_volatility_60,
1857.0,0.07120601376621263,0.07711449809699161,0.09332066738956876,0.09263070043690182,2020-03-31,0.005908484330778979,-0.0006899669526669455,fold1,downside_volatility_60,
1409.0,-0.0369831956926793,-0.050377828053495124,-0.01046886961067199,-0.00989041978334503,2020-04-30,-0.013394632360815825,0.0005784498273269604,fold1,downside_volatility_60,
1358.0,0.00619148577642088,-0.027129647724495692,-0.013787903831708689,-0.038665987148079346,2020-05-29,-0.033321133500916575,-0.024878083316370658,fold1,downside_volatility_60,
1425.0,0.011860820756339298,-0.004304151082948801,0.006872984425515598,-0.011967818935613548,2020-06-30,-0.016164971839288098,-0.018840803361129147,fold1,downside_volatility_60,
2085.0,0.12392312908472747,0.11132460853732497,0.15399999824249055,0.14818832420366382,2020-07-31,-0.0125985205474025,-0.005811674038826736,fold1,downside_volatility_60,
2058.0,-0.03210946922924628,-0.02242652771680302,0.011984043796222095,0.009043698750404122,2020-08-31,0.009682941512443262,-0.002940345045817973,fold1,downside_volatility_60,
1743.0,-0.032509846781176154,-0.03182952390547752,-0.015638637187739786,-0.019728743466319924,2020-09-30,0.0006803228756986357,-0.004090106278580138,fold1,downside_volatility_60,
1496.0,0.08116528519582814,0.06788728785159173,0.08633691761780975,0.07417148806797975,2020-10-30,-0.013277997344236403,-0.012165429549829992,fold1,downside_volatility_60,
1644.0,-0.005342738964095117,-0.019047430198254833,0.045609926473708436,0.03450644820939255,2020-11-30,-0.013704691234159717,-0.011103478264315889,fold1,downside_volatility_60,
1549.0,-0.006238043466976347,-0.0130394637027961,-0.006886410578159798,-0.01908224764624731,2021-01-29,-0.006801420235819753,-0.012195837068087512,fold2,downside_volatility_60,
1423.0,0.025159406772865364,0.032695434172895305,0.003023363180593238,0.026933909864241466,2021-02-26,0.00753602740002994,0.023910546683648226,fold2,downside_volatility_60,
1469.0,0.13073580711939986,0.12421307817034226,0.15250768882676427,0.14899827601241783,2021-03-31,-0.006522728949057602,-0.003509412814346441,fold2,downside_volatility_60,
1443.0,-0.0371106146305024,-0.026306202838922092,-0.045333437629164586,-0.040786101312598265,2021-04-30,0.010804411791580308,0.004547336316566321,fold2,downside_volatility_60,
1510.0,0.04119446488364553,0.07488927854594382,0.062482056481457625,0.07919194867545029,2021-05-31,0.03369481366229829,0.016709892193992666,fold2,downside_volatility_60,
1702.0,0.034867714599210634,0.03102200957557285,0.03179909808683955,0.04380434143028721,2021-06-30,-0.003845705023637784,0.012005243343447665,fold2,downside_volatility_60,
1819.0,0.035023856416728914,0.02350101177204216,0.058854814366538895,0.046234272463108975,2021-07-30,-0.011522844644686753,-0.01262054190342992,fold2,downside_volatility_60,
1977.0,0.06274579886767101,0.03623182569048413,0.025811921873174774,-0.004221109653683817,2021-08-31,-0.02651397317718688,-0.03003303152685859,fold2,downside_volatility_60,
2121.0,0.12961786796086447,0.13812078133827205,0.14118165042897352,0.14843250771433233,2021-09-30,0.008502913377407578,0.007250857285358819,fold2,downside_volatility_60,
1792.0,0.06073424953642148,0.0512859646759616,0.04482643382285687,0.03912842308093386,2021-10-29,-0.009448284860459878,-0.0056980107419230125,fold2,downside_volatility_60,
1976.0,0.044546840962735715,0.06030660623846436,0.015382807531214463,0.03541721776533346,2021-11-30,0.015759765275728643,0.020034410234118994,fold2,downside_volatility_60,
2269.0,0.009319149088505964,-0.0014566955556038236,0.02062278684853676,0.020050617635734437,2022-01-28,-0.010775844644109788,-0.0005721692128023217,fold3,downside_volatility_60,
1951.0,-0.04879255808401203,-0.04436248649514787,-0.055885038606598186,-0.05251923790032629,2022-02-28,0.0044300715888641665,0.0033658007062718973,fold3,downside_volatility_60,
2065.0,0.2226890601563339,0.23693902031394476,0.25239888899221524,0.2551231161401809,2022-03-31,0.014249960157610847,0.0027242271479656632,fold3,downside_volatility_60,
1923.0,0.16449295110820178,0.16230353088414065,0.24760149992805267,0.24444947799134914,2022-04-29,-0.0021894202240611282,-0.003152021936703525,fold3,downside_volatility_60,
1833.0,0.1052172980490801,0.12562553542566968,0.09614944069786016,0.11734453081300822,2022-05-31,0.020408237376589575,0.021195090115148058,fold3,downside_volatility_60,
2161.0,-0.21712126089916572,-0.21768857840017952,-0.16409293834924576,-0.1598117675446611,2022-06-30,-0.0005673175010137976,0.0042811708045846775,fold3,downside_volatility_60,
2167.0,0.054205492725580305,0.08809610014019974,0.04180521060086617,0.08027621700657742,2022-07-29,0.03389060741461943,0.038471006405711244,fold3,downside_volatility_60,
2199.0,-0.013900931706686992,-0.008244210562054157,0.02999341291739902,0.026575350627204033,2022-08-31,0.005656721144632835,-0.0034180622901949856,fold3,downside_volatility_60,
1872.0,0.15000205701731478,0.14987543237293002,0.17964633896201296,0.18373401859143998,2022-09-30,-0.00012662464438475962,0.004087679629427021,fold3,downside_volatility_60,
1688.0,0.03469604520080074,0.038768666479992074,0.06050483508882846,0.058166506055307765,2022-10-31,0.004072621279191335,-0.0023383290335206933,fold3,downside_volatility_60,
2117.0,0.09428078435265892,0.1021390576248267,0.11625674105116726,0.1269037126551357,2022-11-30,0.007858273272167773,0.010646971603968436,fold3,downside_volatility_60,
1715.0,0.037494743582206655,0.05558624546598197,0.03996019256707863,0.05186015051609813,2023-01-31,0.018091501883775313,0.011899957949019498,fold4,downside_volatility_60,
2135.0,-0.11865531618150317,-0.1348124504490609,-0.08952444728408479,-0.11110451610441294,2023-02-28,-0.01615713426755773,-0.021580068820328147,fold4,downside_volatility_60,
2004.0,-0.002763057128376649,0.03950258462846775,0.02553456688559175,0.0621638413339433,2023-03-31,0.0422656417568444,0.036629274448351554,fold4,downside_volatility_60,
2105.0,0.05603002673583676,0.043481131278505565,0.05534909500004731,0.04838833615297939,2023-04-28,-0.012548895457331198,-0.00696075884706792,fold4,downside_volatility_60,
2000.0,-0.01702994362194987,-0.01871257723023387,-0.010559278614987202,-0.016463517356737636,2023-05-31,-0.0016826336082840024,-0.0059042387417504345,fold4,downside_volatility_60,
1953.0,0.15347899391127479,0.1726902304496203,0.1539298023585961,0.17067151068046918,2023-06-30,0.019211236538345527,0.016741708321873078,fold4,downside_volatility_60,
2029.0,-0.049908930607574224,-0.043537824855052545,-0.04214551436147122,-0.04144722005924458,2023-07-31,0.006371105752521679,0.0006982943022266416,fold4,downside_volatility_60,
1850.0,0.16376637619301876,0.15534265508400125,0.15762183310691047,0.16394002492294854,2023-08-31,-0.008423721109017512,0.006318191816038071,fold4,downside_volatility_60,
1783.0,0.06176964541812974,0.06304254750577139,0.06046173581254537,0.06459951256359095,2023-09-28,0.0012729020876416502,0.004137776751045583,fold4,downside_volatility_60,
1781.0,-0.02537504180401288,-0.04628751583044365,-0.060463005666701396,-0.08064697875972472,2023-10-31,-0.02091247402643077,-0.020183973093023326,fold4,downside_volatility_60,
2040.0,0.14542940168076968,0.1356655943274959,0.1419804655811185,0.14632159141613857,2023-11-30,-0.009763807353273785,0.004341125835020082,fold4,downside_volatility_60,
,,,,,2018-01-31,,,,downside_volatility_60,-0.22623848919873207
,,,,,2018-02-28,,,,downside_volatility_60,0.08002792106616878
,,,,,2018-03-30,,,,downside_volatility_60,0.055446178945778836
,,,,,2018-04-27,,,,downside_volatility_60,-0.027018111859953384
,,,,,2018-05-31,,,,downside_volatility_60,0.004983494411963569
,,,,,2018-06-29,,,,downside_volatility_60,-0.04986705765789098
,,,,,2018-07-31,,,,downside_volatility_60,-0.015409000492823016
,,,,,2018-08-31,,,,downside_volatility_60,-0.06775425067710908
,,,,,2018-09-28,,,,downside_volatility_60,-0.02796618802242599
,,,,,2018-10-31,,,,downside_volatility_60,0.03896553115049448
,,,,,2018-11-30,,,,downside_volatility_60,-0.025430001909437467
,,,,,2018-12-28,,,,downside_volatility_60,-0.08909474211215584
,,,,,2019-01-31,,,,downside_volatility_60,0.06849935095989616
,,,,,2019-02-28,,,,downside_volatility_60,0.05099627809065502
,,,,,2019-03-29,,,,downside_volatility_60,-0.07936289459014954
,,,,,2019-04-30,,,,downside_volatility_60,-0.01947114386557382
,,,,,2019-05-31,,,,downside_volatility_60,-0.010369073511005194
,,,,,2019-06-28,,,,downside_volatility_60,-0.06860469487326099
,,,,,2019-07-31,,,,downside_volatility_60,0.04016464423108424
,,,,,2019-08-30,,,,downside_volatility_60,-0.04003158425403787
,,,,,2019-09-30,,,,downside_volatility_60,-0.03092188504409993
,,,,,2019-10-31,,,,downside_volatility_60,-0.08066859595382599
,,,,,2019-11-29,,,,downside_volatility_60,-0.05192522367114443
,,,,,2019-12-31,,,,downside_volatility_60,0.004950029077261581
,,,,,2020-01-23,,,,downside_volatility_60,0.02237820771158071
,,,,,2020-02-28,,,,downside_volatility_60,-0.00953833234660122
,,,,,2020-03-31,,,,downside_volatility_60,-0.04368017917891392
,,,,,2020-04-30,,,,downside_volatility_60,0.0020066796035090946
,,,,,2020-05-29,,,,downside_volatility_60,-0.0171662446156862
,,,,,2020-06-30,,,,downside_volatility_60,-0.07164570606585464
,,,,,2020-07-31,,,,downside_volatility_60,-0.035874194715633356
,,,,,2020-08-31,,,,downside_volatility_60,-0.08266203003296797
,,,,,2020-09-30,,,,downside_volatility_60,0.001068586312067101
,,,,,2020-10-30,,,,downside_volatility_60,-0.04230441735374135
,,,,,2020-11-30,,,,downside_volatility_60,0.08052500394201405
,,,,,2020-12-31,,,,downside_volatility_60,0.005656855233039757
,,,,,2021-01-29,,,,downside_volatility_60,-0.02063831530871722
,,,,,2021-02-26,,,,downside_volatility_60,0.03005986072466449
,,,,,2021-03-31,,,,downside_volatility_60,0.03664447928396007
,,,,,2021-04-30,,,,downside_volatility_60,0.15554789363693294
,,,,,2021-05-31,,,,downside_volatility_60,0.053275019555213826
,,,,,2021-06-30,,,,downside_volatility_60,-0.009727970304667218
,,,,,2021-07-30,,,,downside_volatility_60,-0.017609530084821103
,,,,,2021-08-31,,,,downside_volatility_60,-0.05669932194986153
,,,,,2021-09-30,,,,downside_volatility_60,-0.043095521528086767
,,,,,2021-10-29,,,,downside_volatility_60,0.015615624434830801
,,,,,2021-11-30,,,,downside_volatility_60,-0.08647428127263077
,,,,,2021-12-31,,,,downside_volatility_60,-0.017413783089236554
,,,,,2022-01-28,,,,downside_volatility_60,0.03786842520928763
,,,,,2022-02-28,,,,downside_volatility_60,0.005387934239393907
,,,,,2022-03-31,,,,downside_volatility_60,-0.12266736171968717
,,,,,2022-04-29,,,,downside_volatility_60,0.008494786141766235
,,,,,2022-05-31,,,,downside_volatility_60,-0.04200496948354618
,,,,,2022-06-30,,,,downside_volatility_60,0.050046340100130336
,,,,,2022-07-29,,,,downside_volatility_60,-0.023386542148337026
,,,,,2022-08-31,,,,downside_volatility_60,-0.026166116539412827
,,,,,2022-09-30,,,,downside_volatility_60,0.0033094551376267596
,,,,,2022-10-31,,,,downside_volatility_60,-0.02634641538306752
,,,,,2022-11-30,,,,downside_volatility_60,-0.046256461875946966
,,,,,2022-12-30,,,,downside_volatility_60,0.020539735742996737
,,,,,2023-01-31,,,,downside_volatility_60,-0.11378130800558224
,,,,,2023-02-28,,,,downside_volatility_60,-0.049846227287373444
,,,,,2023-03-31,,,,downside_volatility_60,-0.0762561875304262
,,,,,2023-04-28,,,,downside_volatility_60,0.06462362163909564
,,,,,2023-05-31,,,,downside_volatility_60,0.057847253360179006
,,,,,2023-06-30,,,,downside_volatility_60,-0.11872018704581225
,,,,,2023-07-31,,,,downside_volatility_60,-0.026045696633147854
,,,,,2023-08-31,,,,downside_volatility_60,-0.04362653512867446
,,,,,2023-09-28,,,,downside_volatility_60,-0.032326501874820744
,,,,,2023-10-31,,,,downside_volatility_60,0.010197617177881731
,,,,,2023-11-30,,,,downside_volatility_60,-0.05432141910721732
1383.0,-0.05656014177733378,-0.08136326611013546,0.007344882545382596,0.005793325634227598,2020-01-23,-0.024803124332801678,-0.0015515569111549986,fold1,volume_price_corr_20,
1725.0,0.009597363328254335,0.024703859026335154,0.04830147064874413,0.06326558532691573,2020-02-28,0.01510649569808082,0.014964114678171603,fold1,volume_price_corr_20,
1857.0,0.07120601376621263,0.08171740191257935,0.09332066738956876,0.1056624576032241,2020-03-31,0.01051138814636672,0.012341790213655335,fold1,volume_price_corr_20,
1409.0,-0.0369831956926793,-0.0064089724287178075,-0.01046886961067199,0.0287621794338482,2020-04-30,0.030574223263961493,0.03923104904452019,fold1,volume_price_corr_20,
1358.0,0.00619148577642088,-0.00167294278478485,-0.013787903831708689,-0.013738909532419416,2020-05-29,-0.00786442856120573,4.8994299289272306e-05,fold1,volume_price_corr_20,
1425.0,0.011860820756339298,-0.0020774321047371852,0.006872984425515598,-0.00479290604205536,2020-06-30,-0.013938252861076483,-0.011665890467570958,fold1,volume_price_corr_20,
2085.0,0.12392312908472747,0.11364896294296808,0.15399999824249055,0.13850804107752882,2020-07-31,-0.010274166141759383,-0.01549195716496174,fold1,volume_price_corr_20,
2058.0,-0.03210946922924628,-0.043967153706440804,0.011984043796222095,0.00803479861038191,2020-08-31,-0.01185768447719452,-0.003949245185840186,fold1,volume_price_corr_20,
1743.0,-0.032509846781176154,-0.04605331292141627,-0.015638637187739786,-0.02862848232915747,2020-09-30,-0.013543466140240115,-0.012989845141417683,fold1,volume_price_corr_20,
1496.0,0.08116528519582814,0.06771387145544587,0.08633691761780975,0.07780458394619555,2020-10-30,-0.013451413740382265,-0.008532333671614198,fold1,volume_price_corr_20,
1644.0,-0.005342738964095117,-0.003576830134871951,0.045609926473708436,0.04926990790762725,2020-11-30,0.0017659088292231659,0.003659981433918817,fold1,volume_price_corr_20,
1549.0,-0.006238043466976347,0.011337782948394274,-0.006886410578159798,0.012951477933980092,2021-01-29,0.017575826415370623,0.01983788851213989,fold2,volume_price_corr_20,
1423.0,0.025159406772865364,0.046037704571814095,0.003023363180593238,0.02794633827494328,2021-02-26,0.02087829779894873,0.02492297509435004,fold2,volume_price_corr_20,
1469.0,0.13073580711939986,0.12031917704758759,0.15250768882676427,0.14500194994980733,2021-03-31,-0.010416630071812275,-0.0075057388769569355,fold2,volume_price_corr_20,
1443.0,-0.0371106146305024,-0.022336144869880573,-0.045333437629164586,-0.05478518077382073,2021-04-30,0.014774469760621828,-0.009451743144656147,fold2,volume_price_corr_20,
1510.0,0.04119446488364553,0.0811793599114724,0.062482056481457625,0.09735222759691856,2021-05-31,0.03998489502782687,0.03487017111546093,fold2,volume_price_corr_20,
1702.0,0.034867714599210634,0.03211794642359416,0.03179909808683955,0.033734277365822726,2021-06-30,-0.0027497681756164724,0.001935179278983179,fold2,volume_price_corr_20,
1819.0,0.035023856416728914,0.015892205753089465,0.058854814366538895,0.02875037486825741,2021-07-30,-0.01913165066363945,-0.030104439498281486,fold2,volume_price_corr_20,
1977.0,0.06274579886767101,0.05508538457092928,0.025811921873174774,0.015350903058686204,2021-08-31,-0.007660414296741733,-0.01046101881448857,fold2,volume_price_corr_20,
2121.0,0.12961786796086447,0.12704784611415373,0.14118165042897352,0.1360429713862823,2021-09-30,-0.002570021846710735,-0.005138679042691219,fold2,volume_price_corr_20,
1792.0,0.06073424953642148,0.061846451678554126,0.04482643382285687,0.049239044051234,2021-10-29,0.0011122021421326456,0.004412610228377127,fold2,volume_price_corr_20,
1976.0,0.044546840962735715,0.031769371324934466,0.015382807531214463,0.00898543740167553,2021-11-30,-0.012777469637801249,-0.006397370129538933,fold2,volume_price_corr_20,
2269.0,0.009319149088505964,0.017478567694676955,0.02062278684853676,0.0426722785830015,2022-01-28,0.008159418606170992,0.022049491734464743,fold3,volume_price_corr_20,
1951.0,-0.04879255808401203,-0.03279463321444001,-0.055885038606598186,-0.03343139743442889,2022-02-28,0.015997924869572022,0.022453641172169296,fold3,volume_price_corr_20,
2065.0,0.2226890601563339,0.22234561929259217,0.25239888899221524,0.24957022902362994,2022-03-31,-0.0003434408637417452,-0.0028286599685853064,fold3,volume_price_corr_20,
1923.0,0.16449295110820178,0.14696989291195134,0.24760149992805267,0.22500178820046288,2022-04-29,-0.01752305819625044,-0.02259971172758979,fold3,volume_price_corr_20,
1833.0,0.1052172980490801,0.13672048698421213,0.09614944069786016,0.13716467343482835,2022-05-31,0.03150318893513203,0.041015232736968193,fold3,volume_price_corr_20,
2161.0,-0.21712126089916572,-0.2208738365603971,-0.16409293834924576,-0.1690853011460075,2022-06-30,-0.003752575661231383,-0.00499236279676174,fold3,volume_price_corr_20,
2167.0,0.054205492725580305,0.07098620098024751,0.04180521060086617,0.051426399411321155,2022-07-29,0.016780708254667202,0.009621188810454984,fold3,volume_price_corr_20,
2199.0,-0.013900931706686992,0.0012748682805698663,0.02999341291739902,0.020651906749195297,2022-08-31,0.015175799987256858,-0.009341506168203721,fold3,volume_price_corr_20,
1872.0,0.15000205701731478,0.1457779295703476,0.17964633896201296,0.17383258825020517,2022-09-30,-0.00422412744696718,-0.005813750711807786,fold3,volume_price_corr_20,
1688.0,0.03469604520080074,0.04540847603697556,0.06050483508882846,0.07499411821876488,2022-10-31,0.010712430836174819,0.014489283129936421,fold3,volume_price_corr_20,
2117.0,0.09428078435265892,0.08634811980196506,0.11625674105116726,0.0948323403410019,2022-11-30,-0.007932664550693858,-0.021424400710165367,fold3,volume_price_corr_20,
1715.0,0.037494743582206655,0.056241095316728024,0.03996019256707863,0.06277201019004701,2023-01-31,0.01874635173452137,0.022811817622968376,fold4,volume_price_corr_20,
2135.0,-0.11865531618150317,-0.11978652662200402,-0.08952444728408479,-0.10150413967081277,2023-02-28,-0.0011312104405008516,-0.011979692386727983,fold4,volume_price_corr_20,
2004.0,-0.002763057128376649,0.028614320536352086,0.02553456688559175,0.05757866852922144,2023-03-31,0.031377377664728735,0.03204410164362968,fold4,volume_price_corr_20,
2105.0,0.05603002673583676,0.06421646961087962,0.05534909500004731,0.0650749816871549,2023-04-28,0.00818644287504286,0.009725886687107596,fold4,volume_price_corr_20,
2000.0,-0.01702994362194987,-0.00969998691648083,-0.010559278614987202,-0.014369795739089758,2023-05-31,0.007329956705469039,-0.0038105171241025557,fold4,volume_price_corr_20,
1953.0,0.15347899391127479,0.17003204302143302,0.1539298023585961,0.1707630078550288,2023-06-30,0.01655304911015823,0.01683320549643269,fold4,volume_price_corr_20,
2029.0,-0.049908930607574224,-0.056770211873698594,-0.04214551436147122,-0.048146164924809734,2023-07-31,-0.006861281266124369,-0.006000650563338511,fold4,volume_price_corr_20,
1850.0,0.16376637619301876,0.15125822898742927,0.15762183310691047,0.1491524972467053,2023-08-31,-0.012508147205589487,-0.00846933586020518,fold4,volume_price_corr_20,
1783.0,0.06176964541812974,0.04539368127017562,0.06046173581254537,0.04351831741225932,2023-09-28,-0.016375964147954114,-0.01694341840028605,fold4,volume_price_corr_20,
1781.0,-0.02537504180401288,-0.03621243455483451,-0.060463005666701396,-0.06901863188167552,2023-10-31,-0.010837392750821632,-0.008555626214974126,fold4,volume_price_corr_20,
2040.0,0.14542940168076968,0.11457858154692449,0.1419804655811185,0.10654798914062717,2023-11-30,-0.030850820133845186,-0.035432476440491315,fold4,volume_price_corr_20,
,,,,,2018-01-31,,,,volume_price_corr_20,-0.029278922539016494
,,,,,2018-02-28,,,,volume_price_corr_20,-0.09937195991016108
,,,,,2018-03-30,,,,volume_price_corr_20,0.04295607576482476
,,,,,2018-04-27,,,,volume_price_corr_20,-0.07552397492892324
,,,,,2018-05-31,,,,volume_price_corr_20,-0.10237889273356403
,,,,,2018-06-29,,,,volume_price_corr_20,0.0026972847323645383
,,,,,2018-07-31,,,,volume_price_corr_20,-0.01407002036365973
,,,,,2018-08-31,,,,volume_price_corr_20,-0.1298548446174143
,,,,,2018-09-28,,,,volume_price_corr_20,-0.11110075361962292
,,,,,2018-10-31,,,,volume_price_corr_20,-0.002753374859582723
,,,,,2018-11-30,,,,volume_price_corr_20,0.028284106725041995
,,,,,2018-12-28,,,,volume_price_corr_20,0.05917497895877969
,,,,,2019-01-31,,,,volume_price_corr_20,-0.0341811042925061
,,,,,2019-02-28,,,,volume_price_corr_20,0.015787846717414535
,,,,,2019-03-29,,,,volume_price_corr_20,-0.009519003800496688
,,,,,2019-04-30,,,,volume_price_corr_20,0.028501264432918727
,,,,,2019-05-31,,,,volume_price_corr_20,0.011005818062716418
,,,,,2019-06-28,,,,volume_price_corr_20,-0.00482019513830884
,,,,,2019-07-31,,,,volume_price_corr_20,0.015148612861236452
,,,,,2019-08-30,,,,volume_price_corr_20,0.034170194587352494
,,,,,2019-09-30,,,,volume_price_corr_20,-0.05578090873219653
,,,,,2019-10-31,,,,volume_price_corr_20,0.019633080779194068
,,,,,2019-11-29,,,,volume_price_corr_20,0.004336171782521048
,,,,,2019-12-31,,,,volume_price_corr_20,0.006042824511232216
,,,,,2020-01-23,,,,volume_price_corr_20,-0.022562058056390267
,,,,,2020-02-28,,,,volume_price_corr_20,0.010315994371234972
,,,,,2020-03-31,,,,volume_price_corr_20,-0.007534592987367531
,,,,,2020-04-30,,,,volume_price_corr_20,0.007272890029353951
,,,,,2020-05-29,,,,volume_price_corr_20,0.03974070830899406
,,,,,2020-06-30,,,,volume_price_corr_20,0.05578190428816641
,,,,,2020-07-31,,,,volume_price_corr_20,0.07501657865384634
,,,,,2020-08-31,,,,volume_price_corr_20,0.03379987557561524
,,,,,2020-09-30,,,,volume_price_corr_20,0.03338177555338343
,,,,,2020-10-30,,,,volume_price_corr_20,0.03686404885311895
,,,,,2020-11-30,,,,volume_price_corr_20,0.00640674930671184
,,,,,2020-12-31,,,,volume_price_corr_20,-0.038292734799949886
,,,,,2021-01-29,,,,volume_price_corr_20,0.020119114534445162
,,,,,2021-02-26,,,,volume_price_corr_20,-0.040634299521637184
,,,,,2021-03-31,,,,volume_price_corr_20,-0.041410103002212054
,,,,,2021-04-30,,,,volume_price_corr_20,-0.031182903450362537
,,,,,2021-05-31,,,,volume_price_corr_20,0.03180447514905699
,,,,,2021-06-30,,,,volume_price_corr_20,0.04427469310099313
,,,,,2021-07-30,,,,volume_price_corr_20,-0.062318682506313894
,,,,,2021-08-31,,,,volume_price_corr_20,0.045217801050354445
,,,,,2021-09-30,,,,volume_price_corr_20,0.01867761042423721
,,,,,2021-10-29,,,,volume_price_corr_20,0.06402077533608912
,,,,,2021-11-30,,,,volume_price_corr_20,-0.028927580857512444
,,,,,2021-12-31,,,,volume_price_corr_20,-0.04301232250978044
,,,,,2022-01-28,,,,volume_price_corr_20,-0.057516060705712975
,,,,,2022-02-28,,,,volume_price_corr_20,-0.031891166881733844
,,,,,2022-03-31,,,,volume_price_corr_20,-0.05139720842023516
,,,,,2022-04-29,,,,volume_price_corr_20,0.009149836669557142
,,,,,2022-05-31,,,,volume_price_corr_20,-0.020824765671451875
,,,,,2022-06-30,,,,volume_price_corr_20,-0.00013259573807895226
,,,,,2022-07-29,,,,volume_price_corr_20,0.006417259930851355
,,,,,2022-08-31,,,,volume_price_corr_20,0.000854438126355361
,,,,,2022-09-30,,,,volume_price_corr_20,0.016816782392559185
,,,,,2022-10-31,,,,volume_price_corr_20,0.005281852914191612
,,,,,2022-11-30,,,,volume_price_corr_20,0.04767078082209558
,,,,,2022-12-30,,,,volume_price_corr_20,0.008846258841014852
,,,,,2023-01-31,,,,volume_price_corr_20,-0.017313853725222268
,,,,,2023-02-28,,,,volume_price_corr_20,-0.09089015348194186
,,,,,2023-03-31,,,,volume_price_corr_20,0.01774910661160578
,,,,,2023-04-28,,,,volume_price_corr_20,0.03692029256188543
,,,,,2023-05-31,,,,volume_price_corr_20,-0.025521176163283497
,,,,,2023-06-30,,,,volume_price_corr_20,-0.03893206899166072
,,,,,2023-07-31,,,,volume_price_corr_20,-0.03741816035269843
,,,,,2023-08-31,,,,volume_price_corr_20,-0.030961634775291208
,,,,,2023-09-28,,,,volume_price_corr_20,-0.045117985089198634
,,,,,2023-10-31,,,,volume_price_corr_20,-0.02707453586650177
,,,,,2023-11-30,,,,volume_price_corr_20,0.025199708427966195
1383.0,-0.05656014177733378,0.0016816137702911455,0.007344882545382596,0.07383406199975073,2020-01-23,0.05824175554762493,0.06648917945436814,fold1,limit_down_count_20,
1725.0,0.009597363328254335,0.02448468421183027,0.04830147064874413,0.1043674852585388,2020-02-28,0.014887320883575937,0.05606601460979467,fold1,limit_down_count_20,
1857.0,0.07120601376621263,0.11023925392985237,0.09332066738956876,0.13190423574486101,2020-03-31,0.03903324016363974,0.03858356835529225,fold1,limit_down_count_20,
1409.0,-0.0369831956926793,0.010771850279548663,-0.01046886961067199,0.03488805402996297,2020-04-30,0.04775504597222796,0.04535692364063496,fold1,limit_down_count_20,
1358.0,0.00619148577642088,0.09831958891913642,-0.013787903831708689,0.09531741261062428,2020-05-29,0.09212810314271554,0.10910531644233297,fold1,limit_down_count_20,
1425.0,0.011860820756339298,0.016057529563446887,0.006872984425515598,0.01868633903608475,2020-06-30,0.0041967088071075895,0.011813354610569152,fold1,limit_down_count_20,
2085.0,0.12392312908472747,0.054957460555246244,0.15399999824249055,0.08314274991774592,2020-07-31,-0.06896566852948122,-0.07085724832474463,fold1,limit_down_count_20,
2058.0,-0.03210946922924628,-0.0529002230847082,0.011984043796222095,-0.012099553255855123,2020-08-31,-0.02079075385546192,-0.024083597052077216,fold1,limit_down_count_20,
1743.0,-0.032509846781176154,0.03175301724852494,-0.015638637187739786,0.016287981861582874,2020-09-30,0.06426286402970109,0.03192661904932266,fold1,limit_down_count_20,
1496.0,0.08116528519582814,0.024403212090845536,0.08633691761780975,0.047787281334019764,2020-10-30,-0.0567620731049826,-0.03854963628378998,fold1,limit_down_count_20,
1644.0,-0.005342738964095117,0.08161475275890764,0.045609926473708436,0.13904545204638852,2020-11-30,0.08695749172300277,0.09343552557268009,fold1,limit_down_count_20,
1549.0,-0.006238043466976347,-0.07147422419843338,-0.006886410578159798,-0.04755473567762335,2021-01-29,-0.06523618073145704,-0.04066832509946355,fold2,limit_down_count_20,
1423.0,0.025159406772865364,0.06577637852326433,0.003023363180593238,0.058815482788866405,2021-02-26,0.04061697175039897,0.05579211960827317,fold2,limit_down_count_20,
1469.0,0.13073580711939986,0.17491763543967576,0.15250768882676427,0.2133884951063924,2021-03-31,0.044181828320275895,0.060880806279628136,fold2,limit_down_count_20,
1443.0,-0.0371106146305024,-0.03741536851474216,-0.045333437629164586,-0.042258442569750934,2021-04-30,-0.00030475388423976263,0.0030749950594136516,fold2,limit_down_count_20,
1510.0,0.04119446488364553,0.09675996074430616,0.062482056481457625,0.09198770948392147,2021-05-31,0.05556549586066063,0.02950565300246385,fold2,limit_down_count_20,
1702.0,0.034867714599210634,0.02202843537395904,0.03179909808683955,0.02063828904336821,2021-06-30,-0.012839279225251594,-0.011160809043471338,fold2,limit_down_count_20,
1819.0,0.035023856416728914,0.015189619041144057,0.058854814366538895,0.03179372103242819,2021-07-30,-0.01983423737558486,-0.027061093334110706,fold2,limit_down_count_20,
1977.0,0.06274579886767101,0.08479381469109092,0.025811921873174774,0.05271227189213889,2021-08-31,0.022048015823419906,0.026900350018964115,fold2,limit_down_count_20,
2121.0,0.12961786796086447,0.10075761929826196,0.14118165042897352,0.11461576394061558,2021-09-30,-0.028860248662602506,-0.026565886488357934,fold2,limit_down_count_20,
1792.0,0.06073424953642148,0.099569920341003,0.04482643382285687,0.09894912275072566,2021-10-29,0.038835670804581515,0.05412268892786879,fold2,limit_down_count_20,
1976.0,0.044546840962735715,0.08925499991003526,0.015382807531214463,0.06746546089280472,2021-11-30,0.04470815894729954,0.052082653361590264,fold2,limit_down_count_20,
2269.0,0.009319149088505964,-0.005719465486277391,0.02062278684853676,-0.0006483185291727041,2022-01-28,-0.015038614574783355,-0.021271105377709463,fold3,limit_down_count_20,
1951.0,-0.04879255808401203,-0.04911903952476001,-0.055885038606598186,-0.05014451316480785,2022-02-28,-0.0003264814407479763,0.005740525441790337,fold3,limit_down_count_20,
2065.0,0.2226890601563339,0.22053243809987505,0.25239888899221524,0.23331833550674236,2022-03-31,-0.0021566220564588623,-0.019080553485472884,fold3,limit_down_count_20,
1923.0,0.16449295110820178,0.1513764737206616,0.24760149992805267,0.23752549256166744,2022-04-29,-0.013116477387540182,-0.010076007366385226,fold3,limit_down_count_20,
1833.0,0.1052172980490801,0.15514560409811198,0.09614944069786016,0.15969330018420022,2022-05-31,0.04992830604903188,0.06354385948634006,fold3,limit_down_count_20,
2161.0,-0.21712126089916572,-0.2544147640325593,-0.16409293834924576,-0.22750484661109432,2022-06-30,-0.03729350313339358,-0.06341190826184856,fold3,limit_down_count_20,
2167.0,0.054205492725580305,0.11171255936941321,0.04180521060086617,0.12957804918680757,2022-07-29,0.057507066643832906,0.0877728385859414,fold3,limit_down_count_20,
2199.0,-0.013900931706686992,-0.001288627407522136,0.02999341291739902,0.002673671861697946,2022-08-31,0.012612304299164856,-0.027319741055701074,fold3,limit_down_count_20,
1872.0,0.15000205701731478,0.14317073576750775,0.17964633896201296,0.1675440328577687,2022-09-30,-0.0068313212498070375,-0.01210230610424426,fold3,limit_down_count_20,
1688.0,0.03469604520080074,0.10702524343461317,0.06050483508882846,0.13855862848022815,2022-10-31,0.07232919823381243,0.0780537933913997,fold3,limit_down_count_20,
2117.0,0.09428078435265892,0.044308353620142876,0.11625674105116726,0.056986577269643686,2022-11-30,-0.049972430732516046,-0.059270163781523576,fold3,limit_down_count_20,
1715.0,0.037494743582206655,0.06388051085250473,0.03996019256707863,0.0491073521189319,2023-01-31,0.02638576727029808,0.009147159551853266,fold4,limit_down_count_20,
2135.0,-0.11865531618150317,-0.02931666895917093,-0.08952444728408479,-0.02939722002801877,2023-02-28,0.08933864722233224,0.06012722725606602,fold4,limit_down_count_20,
2004.0,-0.002763057128376649,-0.02643846141676141,0.02553456688559175,-0.004093145751862576,2023-03-31,-0.02367540428838476,-0.029627712637454326,fold4,limit_down_count_20,
2105.0,0.05603002673583676,0.05803704097745994,0.05534909500004731,0.06040096686187009,2023-04-28,0.0020070142416231743,0.005051871861822779,fold4,limit_down_count_20,
2000.0,-0.01702994362194987,0.0028995371324889163,-0.010559278614987202,0.005504298123767952,2023-05-31,0.019929480754438785,0.016063576738755154,fold4,limit_down_count_20,
1953.0,0.15347899391127479,-0.2207359802977515,0.1539298023585961,-0.2361091290947487,2023-06-30,-0.3742149742090263,-0.3900389314533448,fold4,limit_down_count_20,
2029.0,-0.049908930607574224,0.08833001806795636,-0.04214551436147122,0.10189206904964493,2023-07-31,0.13823894867553058,0.14403758341111617,fold4,limit_down_count_20,
1850.0,0.16376637619301876,0.003257245927067092,0.15762183310691047,-0.025261837356223293,2023-08-31,-0.16050913026595168,-0.18288367046313375,fold4,limit_down_count_20,
1783.0,0.06176964541812974,0.03913392120209889,0.06046173581254537,0.025470145022732763,2023-09-28,-0.02263572421603085,-0.03499159078981261,fold4,limit_down_count_20,
1781.0,-0.02537504180401288,0.007482949593153719,-0.060463005666701396,-0.04300347285210118,2023-10-31,0.0328579913971666,0.017459532814600214,fold4,limit_down_count_20,
2040.0,0.14542940168076968,0.08658532587279776,0.1419804655811185,0.10774136395759426,2023-11-30,-0.05884407580797192,-0.034239101623524226,fold4,limit_down_count_20,
,,,,,2018-01-31,,,,limit_down_count_20,-0.0640629191390377
,,,,,2018-02-28,,,,limit_down_count_20,0.26504558225491576
,,,,,2018-03-30,,,,limit_down_count_20,0.06505720749519095
,,,,,2018-04-27,,,,limit_down_count_20,0.023217590427111252
,,,,,2018-05-31,,,,limit_down_count_20,0.08931611184027365
,,,,,2018-06-29,,,,limit_down_count_20,-0.062032725266009746
,,,,,2018-07-31,,,,limit_down_count_20,0.020723435514021313
,,,,,2018-08-31,,,,limit_down_count_20,-0.0007242652400041631
,,,,,2018-09-28,,,,limit_down_count_20,-0.03396381626365346
,,,,,2018-10-31,,,,limit_down_count_20,-0.02880738476908394
,,,,,2018-11-30,,,,limit_down_count_20,0.08630667167250361
,,,,,2018-12-28,,,,limit_down_count_20,-0.020145710534101562
,,,,,2019-01-31,,,,limit_down_count_20,0.019652552556173118
,,,,,2019-02-28,,,,limit_down_count_20,0.015814892873239807
,,,,,2019-03-29,,,,limit_down_count_20,0.007331767823889274
,,,,,2019-04-30,,,,limit_down_count_20,0.0025164556401518832
,,,,,2019-05-31,,,,limit_down_count_20,0.0170291808939238
,,,,,2019-06-28,,,,limit_down_count_20,-0.03514050176417155
,,,,,2019-07-31,,,,limit_down_count_20,0.016501777748275447
,,,,,2019-08-30,,,,limit_down_count_20,-0.11066741982965655
,,,,,2019-09-30,,,,limit_down_count_20,0.06584788637420588
,,,,,2019-10-31,,,,limit_down_count_20,0.024457036298980495
,,,,,2019-11-29,,,,limit_down_count_20,-0.06215163502185905
,,,,,2019-12-31,,,,limit_down_count_20,0.02120961408178804
,,,,,2020-01-23,,,,limit_down_count_20,-0.0007914797013603952
,,,,,2020-02-28,,,,limit_down_count_20,0.02206395078168508
,,,,,2020-03-31,,,,limit_down_count_20,-0.022434385862370555
,,,,,2020-04-30,,,,limit_down_count_20,0.04147827073673868
,,,,,2020-05-29,,,,limit_down_count_20,0.04736076571995274
,,,,,2020-06-30,,,,limit_down_count_20,0.04383672641154277
,,,,,2020-07-31,,,,limit_down_count_20,0.05785663279656714
,,,,,2020-08-31,,,,limit_down_count_20,-0.01241069771798225
,,,,,2020-09-30,,,,limit_down_count_20,0.02507219607067193
,,,,,2020-10-30,,,,limit_down_count_20,-0.033003589627543434
,,,,,2020-11-30,,,,limit_down_count_20,-0.09970296261041858
,,,,,2020-12-31,,,,limit_down_count_20,0.0558863066259953
,,,,,2021-01-29,,,,limit_down_count_20,-0.005150792010305378
,,,,,2021-02-26,,,,limit_down_count_20,0.07925053489500453
,,,,,2021-03-31,,,,limit_down_count_20,-0.019190773629655097
,,,,,2021-04-30,,,,limit_down_count_20,-0.019472865929876945
,,,,,2021-05-31,,,,limit_down_count_20,-0.058831883753511796
,,,,,2021-06-30,,,,limit_down_count_20,-0.07030716023133142
,,,,,2021-07-30,,,,limit_down_count_20,-0.0007173013432622482
,,,,,2021-08-31,,,,limit_down_count_20,0.04029203124777104
,,,,,2021-09-30,,,,limit_down_count_20,0.012455066372668085
,,,,,2021-10-29,,,,limit_down_count_20,-0.03494251145742491
,,,,,2021-11-30,,,,limit_down_count_20,0.03626261187791562
,,,,,2021-12-31,,,,limit_down_count_20,0.13084299545279127
,,,,,2022-01-28,,,,limit_down_count_20,-0.03879696833950041
,,,,,2022-02-28,,,,limit_down_count_20,0.014375895535995428
,,,,,2022-03-31,,,,limit_down_count_20,-0.04761362982234262
,,,,,2022-04-29,,,,limit_down_count_20,-0.02273116073693215
,,,,,2022-05-31,,,,limit_down_count_20,0.00871863247175009
,,,,,2022-06-30,,,,limit_down_count_20,-0.06661987804109139
,,,,,2022-07-29,,,,limit_down_count_20,0.04805939314839341
,,,,,2022-08-31,,,,limit_down_count_20,-0.07288215772444466
,,,,,2022-09-30,,,,limit_down_count_20,-0.038825891082320006
,,,,,2022-10-31,,,,limit_down_count_20,-0.001118376638265272
,,,,,2022-11-30,,,,limit_down_count_20,-0.0030151860204607555
,,,,,2022-12-30,,,,limit_down_count_20,0.060932693862078044
,,,,,2023-01-31,,,,limit_down_count_20,0.0725784751264167
,,,,,2023-02-28,,,,limit_down_count_20,-2.0827149184484808e-06
,,,,,2023-03-31,,,,limit_down_count_20,0.02082494549671994
,,,,,2023-04-28,,,,limit_down_count_20,0.038328515231621466
,,,,,2023-05-31,,,,limit_down_count_20,-0.03646909429799038
,,,,,2023-06-30,,,,limit_down_count_20,0.12077255482152167
,,,,,2023-07-31,,,,limit_down_count_20,0.05115038158387575
,,,,,2023-08-31,,,,limit_down_count_20,0.04350697277097599
,,,,,2023-09-28,,,,limit_down_count_20,-0.017667029077194845
,,,,,2023-10-31,,,,limit_down_count_20,-0.049316383779457545
,,,,,2023-11-30,,,,limit_down_count_20,0.13730491086812754
1383.0,-0.05656014177733378,-0.07298081981533072,0.007344882545382596,-0.0011180934975159908,2020-01-23,-0.01642067803799694,-0.008462976042898588,fold1,kurtosis_60,
1725.0,0.009597363328254335,-0.015583622522338527,0.04830147064874413,0.028954553207661295,2020-02-28,-0.025180985850592863,-0.01934691744108283,fold1,kurtosis_60,
1857.0,0.07120601376621263,0.06813253591464097,0.09332066738956876,0.09175775120293043,2020-03-31,-0.0030734778515716654,-0.0015629161866383273,fold1,kurtosis_60,
1409.0,-0.0369831956926793,-0.01667779573764754,-0.01046886961067199,0.0057426866287437405,2020-04-30,0.02030539995503176,0.016211556239415732,fold1,kurtosis_60,
1358.0,0.00619148577642088,0.003070595535791261,-0.013787903831708689,-0.015442315538721387,2020-05-29,-0.003120890240629619,-0.0016544117070126981,fold1,kurtosis_60,
1425.0,0.011860820756339298,0.010076681196516692,0.006872984425515598,0.0005296168537444591,2020-06-30,-0.0017841395598226055,-0.006343367571771139,fold1,kurtosis_60,
2085.0,0.12392312908472747,0.0893184640888826,0.15399999824249055,0.1221163912164415,2020-07-31,-0.03460466499584487,-0.03188360702604906,fold1,kurtosis_60,
2058.0,-0.03210946922924628,-0.03776464177980228,0.011984043796222095,-0.0009689229798970201,2020-08-31,-0.005655172550555997,-0.012952966776119115,fold1,kurtosis_60,
1743.0,-0.032509846781176154,-0.023855978949599104,-0.015638637187739786,-0.012468930168439602,2020-09-30,0.00865386783157705,0.0031697070193001838,fold1,kurtosis_60,
1496.0,0.08116528519582814,0.0523063274291341,0.08633691761780975,0.05465039910328204,2020-10-30,-0.028858957766694032,-0.03168651851452771,fold1,kurtosis_60,
1644.0,-0.005342738964095117,0.004760316161967626,0.045609926473708436,0.050695409057695734,2020-11-30,0.010103055126062743,0.005085482583987298,fold1,kurtosis_60,
1549.0,-0.006238043466976347,-0.025087646631020134,-0.006886410578159798,-0.024869411420826985,2021-01-29,-0.018849603164043785,-0.01798300084266719,fold2,kurtosis_60,
1423.0,0.025159406772865364,0.04077229703933508,0.003023363180593238,0.021072055686940584,2021-02-26,0.015612890266469719,0.018048692506347344,fold2,kurtosis_60,
1469.0,0.13073580711939986,0.11068081563977371,0.15250768882676427,0.138142082410497,2021-03-31,-0.020054991479626152,-0.014365606416267274,fold2,kurtosis_60,
1443.0,-0.0371106146305024,-0.03134053712314496,-0.045333437629164586,-0.05598073816918826,2021-04-30,0.005770077507357439,-0.010647300540023677,fold2,kurtosis_60,
1510.0,0.04119446488364553,0.07811507692031162,0.062482056481457625,0.079846176138401,2021-05-31,0.03692061203666609,0.01736411965694338,fold2,kurtosis_60,
1702.0,0.034867714599210634,0.006971793736106054,0.03179909808683955,0.014711798546394728,2021-06-30,-0.02789592086310458,-0.01708729954044482,fold2,kurtosis_60,
1819.0,0.035023856416728914,0.007835122136281474,0.058854814366538895,0.044023313123546313,2021-07-30,-0.027188734280447442,-0.014831501242992581,fold2,kurtosis_60,
1977.0,0.06274579886767101,0.0366681373647751,0.025811921873174774,0.000790842989296692,2021-08-31,-0.026077661502895907,-0.02502107888387808,fold2,kurtosis_60,
2121.0,0.12961786796086447,0.13655759002550172,0.14118165042897352,0.14534249062403087,2021-09-30,0.006939722064637249,0.004160840195057358,fold2,kurtosis_60,
1792.0,0.06073424953642148,0.05835514800864625,0.04482643382285687,0.052991406270163875,2021-10-29,-0.002379101527775228,0.008164972447307003,fold2,kurtosis_60,
1976.0,0.044546840962735715,0.03556834162895377,0.015382807531214463,0.025759778256693216,2021-11-30,-0.008978499333781947,0.010376970725478753,fold2,kurtosis_60,
2269.0,0.009319149088505964,0.00832415920430613,0.02062278684853676,0.025355149079911946,2022-01-28,-0.000994989884199833,0.004732362231375187,fold3,kurtosis_60,
1951.0,-0.04879255808401203,-0.022863176412924364,-0.055885038606598186,-0.04520509175832692,2022-02-28,0.02592938167108767,0.010679946848271268,fold3,kurtosis_60,
2065.0,0.2226890601563339,0.22820768642898112,0.25239888899221524,0.2480192286343273,2022-03-31,0.005518626272647209,-0.004379660357887949,fold3,kurtosis_60,
1923.0,0.16449295110820178,0.1699089144189349,0.24760149992805267,0.2467977357348174,2022-04-29,0.0054159633107331295,-0.0008037641932352735,fold3,kurtosis_60,
1833.0,0.1052172980490801,0.11006584760298374,0.09614944069786016,0.11498644318990228,2022-05-31,0.004848549553903639,0.01883700249204212,fold3,kurtosis_60,
2161.0,-0.21712126089916572,-0.21367391472366898,-0.16409293834924576,-0.16061898441874606,2022-06-30,0.003447346175496746,0.003473953930499707,fold3,kurtosis_60,
2167.0,0.054205492725580305,0.047487963443240855,0.04180521060086617,0.04182076722201254,2022-07-29,-0.00671752928233945,1.5556621146370353e-05,fold3,kurtosis_60,
2199.0,-0.013900931706686992,-0.01298942604190342,0.02999341291739902,0.025794932497342007,2022-08-31,0.0009115056647835719,-0.004198480420057011,fold3,kurtosis_60,
1872.0,0.15000205701731478,0.15960118845797427,0.17964633896201296,0.19432513287668768,2022-09-30,0.009599131440659492,0.01467879391467472,fold3,kurtosis_60,
1688.0,0.03469604520080074,0.0466654523166326,0.06050483508882846,0.08540445278680166,2022-10-31,0.01196940711583186,0.0248996176979732,fold3,kurtosis_60,
2117.0,0.09428078435265892,0.10022179668866042,0.11625674105116726,0.11397686164176912,2022-11-30,0.0059410123360015,-0.002279879409398139,fold3,kurtosis_60,
1715.0,0.037494743582206655,0.054707125587080664,0.03996019256707863,0.061388240346001814,2023-01-31,0.01721238200487401,0.02142804777892318,fold4,kurtosis_60,
2135.0,-0.11865531618150317,-0.11900452449506155,-0.08952444728408479,-0.09810101058118564,2023-02-28,-0.00034920831355837734,-0.008576563297100853,fold4,kurtosis_60,
2004.0,-0.002763057128376649,0.000892650796067867,0.02553456688559175,0.03204794851716033,2023-03-31,0.003655707924444516,0.006513381631568577,fold4,kurtosis_60,
2105.0,0.05603002673583676,0.05358988425422514,0.05534909500004731,0.06779656511860394,2023-04-28,-0.002440142481611625,0.012447470118556625,fold4,kurtosis_60,
2000.0,-0.01702994362194987,-0.020448154953888232,-0.010559278614987202,-0.02221367305303357,2023-05-31,-0.003418211331938363,-0.011654394438046368,fold4,kurtosis_60,
1953.0,0.15347899391127479,0.13655974546126332,0.1539298023585961,0.13740744851695566,2023-06-30,-0.01691924845001147,-0.01652235384164044,fold4,kurtosis_60,
2029.0,-0.049908930607574224,-0.030658525883780076,-0.04214551436147122,-0.02925683104973534,2023-07-31,0.01925040472379415,0.012888683311735882,fold4,kurtosis_60,
1850.0,0.16376637619301876,0.1391702113785818,0.15762183310691047,0.13559479553287232,2023-08-31,-0.024596164814436966,-0.02202703757403815,fold4,kurtosis_60,
1783.0,0.06176964541812974,0.05062409000786871,0.06046173581254537,0.04101935614449497,2023-09-28,-0.011145555410261028,-0.019442379668050395,fold4,kurtosis_60,
1781.0,-0.02537504180401288,-0.027196592056202,-0.060463005666701396,-0.058056838650155033,2023-10-31,-0.0018215502521891185,0.0024061670165463622,fold4,kurtosis_60,
2040.0,0.14542940168076968,0.11399012316046077,0.1419804655811185,0.11086363127348824,2023-11-30,-0.03143927852030891,-0.03111683430763025,fold4,kurtosis_60,
,,,,,2018-01-31,,,,kurtosis_60,-0.03143287471151107
,,,,,2018-02-28,,,,kurtosis_60,0.09182076878986209
,,,,,2018-03-30,,,,kurtosis_60,0.042840348255125525
,,,,,2018-04-27,,,,kurtosis_60,0.025142661910591755
,,,,,2018-05-31,,,,kurtosis_60,-0.033579425685081335
,,,,,2018-06-29,,,,kurtosis_60,0.00289836765585701
,,,,,2018-07-31,,,,kurtosis_60,-0.01673510581305204
,,,,,2018-08-31,,,,kurtosis_60,-0.08450251646720167
,,,,,2018-09-28,,,,kurtosis_60,-0.05849633569035669
,,,,,2018-10-31,,,,kurtosis_60,-0.05233014638804763
,,,,,2018-11-30,,,,kurtosis_60,0.010939285174839912
,,,,,2018-12-28,,,,kurtosis_60,-0.020554031405569106
,,,,,2019-01-31,,,,kurtosis_60,0.07542529206804674
,,,,,2019-02-28,,,,kurtosis_60,-0.04367786572080665
,,,,,2019-03-29,,,,kurtosis_60,0.007980607292176704
,,,,,2019-04-30,,,,kurtosis_60,-0.0031349016052281947
,,,,,2019-05-31,,,,kurtosis_60,-0.03432772718672411
,,,,,2019-06-28,,,,kurtosis_60,0.04763419519570287
,,,,,2019-07-31,,,,kurtosis_60,0.06778058806364967
,,,,,2019-08-30,,,,kurtosis_60,0.06411530682281151
,,,,,2019-09-30,,,,kurtosis_60,-0.09569193248698404
,,,,,2019-10-31,,,,kurtosis_60,-0.022655402852310835
,,,,,2019-11-29,,,,kurtosis_60,-0.042375195402232425
,,,,,2019-12-31,,,,kurtosis_60,0.09587087897264339
,,,,,2020-01-23,,,,kurtosis_60,0.012906993832286148
,,,,,2020-02-28,,,,kurtosis_60,0.0695257185722894
,,,,,2020-03-31,,,,kurtosis_60,0.07879961491402823
,,,,,2020-04-30,,,,kurtosis_60,-0.05481274056487878
,,,,,2020-05-29,,,,kurtosis_60,-0.010867655031691249
,,,,,2020-06-30,,,,kurtosis_60,-0.029755708230440096
,,,,,2020-07-31,,,,kurtosis_60,0.03836911035396852
,,,,,2020-08-31,,,,kurtosis_60,-0.038840752008133736
,,,,,2020-09-30,,,,kurtosis_60,-0.04697974304686563
,,,,,2020-10-30,,,,kurtosis_60,0.029973619244870096
,,,,,2020-11-30,,,,kurtosis_60,-0.07638866185138196
,,,,,2020-12-31,,,,kurtosis_60,0.03977687073244396
,,,,,2021-01-29,,,,kurtosis_60,-0.057937698932422
,,,,,2021-02-26,,,,kurtosis_60,-0.03740405080769082
,,,,,2021-03-31,,,,kurtosis_60,-0.001528381251708362
,,,,,2021-04-30,,,,kurtosis_60,0.027867802625633292
,,,,,2021-05-31,,,,kurtosis_60,0.006343967603521544
,,,,,2021-06-30,,,,kurtosis_60,0.014747671254317517
,,,,,2021-07-30,,,,kurtosis_60,0.027793341511141396
,,,,,2021-08-31,,,,kurtosis_60,0.006633913174305411
,,,,,2021-09-30,,,,kurtosis_60,-0.030614029842520752
,,,,,2021-10-29,,,,kurtosis_60,-0.048277635608508264
,,,,,2021-11-30,,,,kurtosis_60,0.04491380930426
,,,,,2021-12-31,,,,kurtosis_60,-0.0186743266633194
,,,,,2022-01-28,,,,kurtosis_60,0.014106271249200527
,,,,,2022-02-28,,,,kurtosis_60,0.008701031353950143
,,,,,2022-03-31,,,,kurtosis_60,0.0066020059628402825
,,,,,2022-04-29,,,,kurtosis_60,0.020743408902103317
,,,,,2022-05-31,,,,kurtosis_60,-0.020184320963067527
,,,,,2022-06-30,,,,kurtosis_60,0.0062683205703643295
,,,,,2022-07-29,,,,kurtosis_60,0.05612683793044728
,,,,,2022-08-31,,,,kurtosis_60,-0.031766279459850034
,,,,,2022-09-30,,,,kurtosis_60,0.061736418596334476
,,,,,2022-10-31,,,,kurtosis_60,0.02981400428969816
,,,,,2022-11-30,,,,kurtosis_60,0.009594590757067681
,,,,,2022-12-30,,,,kurtosis_60,0.00037169609782762775
,,,,,2023-01-31,,,,kurtosis_60,0.08136625963570715
,,,,,2023-02-28,,,,kurtosis_60,0.06643653926632877
,,,,,2023-03-31,,,,kurtosis_60,0.0009539749908268673
,,,,,2023-04-28,,,,kurtosis_60,0.018081283424974885
,,,,,2023-05-31,,,,kurtosis_60,0.02451424316075023
,,,,,2023-06-30,,,,kurtosis_60,-0.002453425041312003
,,,,,2023-07-31,,,,kurtosis_60,-0.006955481710608242
,,,,,2023-08-31,,,,kurtosis_60,-0.025255643502812224
,,,,,2023-09-28,,,,kurtosis_60,-0.03679509120252761
,,,,,2023-10-31,,,,kurtosis_60,-0.012745855623519922
,,,,,2023-11-30,,,,kurtosis_60,0.005970455167992104
1383.0,-0.05656014177733378,-0.07719425629865129,0.007344882545382596,-0.019390231161411555,2020-01-23,-0.020634114521317505,-0.026735113706794152,fold1,amihud_20,
1725.0,0.009597363328254335,-0.0007145373012248977,0.04830147064874413,0.05156158590595102,2020-02-28,-0.010311900629479231,0.0032601152572068956,fold1,amihud_20,
1857.0,0.07120601376621263,0.09112270808503789,0.09332066738956876,0.10642114784960476,2020-03-31,0.019916694318825257,0.013100480460035993,fold1,amihud_20,
1409.0,-0.0369831956926793,-0.0286977470375561,-0.01046886961067199,0.002575985968979084,2020-04-30,0.0082854486551232,0.013044855579651075,fold1,amihud_20,
1358.0,0.00619148577642088,0.024429020888980402,-0.013787903831708689,0.025598328265634004,2020-05-29,0.018237535112559523,0.0393862320973427,fold1,amihud_20,
1425.0,0.011860820756339298,0.016643841541565178,0.006872984425515598,0.009352533505637356,2020-06-30,0.00478302078522588,0.0024795490801217583,fold1,amihud_20,
2085.0,0.12392312908472747,0.11458032378071176,0.15399999824249055,0.13378089216065858,2020-07-31,-0.009342805304015711,-0.020219106081831972,fold1,amihud_20,
2058.0,-0.03210946922924628,-0.03107465536325771,0.011984043796222095,0.005339694677254933,2020-08-31,0.001034813865988575,-0.0066443491189671616,fold1,amihud_20,
1743.0,-0.032509846781176154,-0.04657008387138934,-0.015638637187739786,-0.01723185053658122,2020-09-30,-0.014060237090213187,-0.0015932133488414345,fold1,amihud_20,
1496.0,0.08116528519582814,0.07446185208365817,0.08633691761780975,0.0860552066777642,2020-10-30,-0.0067034331121699625,-0.00028171094004554587,fold1,amihud_20,
1644.0,-0.005342738964095117,-0.011406257477064738,0.045609926473708436,0.03114073614415331,2020-11-30,-0.006063518512969621,-0.014469190329555126,fold1,amihud_20,
1549.0,-0.006238043466976347,0.008150495561416258,-0.006886410578159798,0.006758316893376538,2021-01-29,0.014388539028392605,0.013644727471536337,fold2,amihud_20,
1423.0,0.025159406772865364,0.03150922058028672,0.003023363180593238,0.014549056068457926,2021-02-26,0.006349813807421355,0.011525692887864689,fold2,amihud_20,
1469.0,0.13073580711939986,0.112173366047523,0.15250768882676427,0.1347914970879411,2021-03-31,-0.018562441071876865,-0.01771619173882316,fold2,amihud_20,
1443.0,-0.0371106146305024,-0.02091954811956348,-0.045333437629164586,-0.046793390228530435,2021-04-30,0.01619106651093892,-0.001459952599365849,fold2,amihud_20,
1510.0,0.04119446488364553,0.07133612107262988,0.062482056481457625,0.08734287085739462,2021-05-31,0.030141656188984345,0.024860814375936992,fold2,amihud_20,
1702.0,0.034867714599210634,0.04099108206924306,0.03179909808683955,0.04751221282489312,2021-06-30,0.006123367470032427,0.01571311473805357,fold2,amihud_20,
1819.0,0.035023856416728914,0.0342663438794073,0.058854814366538895,0.05610498661109245,2021-07-30,-0.0007575125373216127,-0.002749827755446445,fold2,amihud_20,
1977.0,0.06274579886767101,0.04554609216518633,0.025811921873174774,0.006795659814353697,2021-08-31,-0.017199706702484677,-0.019016262058821076,fold2,amihud_20,
2121.0,0.12961786796086447,0.1365719018336385,0.14118165042897352,0.1519622409236905,2021-09-30,0.006954033872774018,0.010780590494716996,fold2,amihud_20,
1792.0,0.06073424953642148,0.06794513123651737,0.04482643382285687,0.044286804456792235,2021-10-29,0.007210881700095886,-0.0005396293660646367,fold2,amihud_20,
1976.0,0.044546840962735715,0.04007045825605971,0.015382807531214463,0.019969893110809,2021-11-30,-0.004476382706676003,0.004587085579594537,fold2,amihud_20,
2269.0,0.009319149088505964,0.010974855702872885,0.02062278684853676,0.025013479242582817,2022-01-28,0.0016557066143669218,0.004390692394046058,fold3,amihud_20,
1951.0,-0.04879255808401203,-0.021089193386301143,-0.055885038606598186,-0.036911429662978563,2022-02-28,0.02770336469771089,0.018973608943619623,fold3,amihud_20,
2065.0,0.2226890601563339,0.21292610726924693,0.25239888899221524,0.22989492372231982,2022-03-31,-0.009762952887086979,-0.022503965269895426,fold3,amihud_20,
1923.0,0.16449295110820178,0.14752506634889728,0.24760149992805267,0.22368079038779398,2022-04-29,-0.016967884759304497,-0.023920709540258683,fold3,amihud_20,
1833.0,0.1052172980490801,0.128688194127811,0.09614944069786016,0.1197347399586174,2022-05-31,0.023470896078730888,0.02358529926075724,fold3,amihud_20,
2161.0,-0.21712126089916572,-0.2035357361145114,-0.16409293834924576,-0.1599738972658964,2022-06-30,0.01358552478465433,0.004119041083349373,fold3,amihud_20,
2167.0,0.054205492725580305,0.08736736866110645,0.04180521060086617,0.05856863498171867,2022-07-29,0.03316187593552614,0.0167634243808525,fold3,amihud_20,
2199.0,-0.013900931706686992,0.012173737005515451,0.02999341291739902,0.0358914912623277,2022-08-31,0.026074668712202445,0.00589807834492868,fold3,amihud_20,
1872.0,0.15000205701731478,0.15215696634104575,0.17964633896201296,0.17496132128443406,2022-09-30,0.002154909323730969,-0.004685017677578895,fold3,amihud_20,
1688.0,0.03469604520080074,0.04481643873787159,0.06050483508882846,0.07543001940660655,2022-10-31,0.010120393537070851,0.014925184317778097,fold3,amihud_20,
2117.0,0.09428078435265892,0.09521498354992763,0.11625674105116726,0.12279203577802139,2022-11-30,0.0009341991972687119,0.0065352947268541295,fold3,amihud_20,
1715.0,0.037494743582206655,0.049796260367264776,0.03996019256707863,0.05107215696866317,2023-01-31,0.012301516785058121,0.011111964401584538,fold4,amihud_20,
2135.0,-0.11865531618150317,-0.12924827605955866,-0.08952444728408479,-0.11107685341074196,2023-02-28,-0.010592959878055488,-0.021552406126657167,fold4,amihud_20,
2004.0,-0.002763057128376649,0.016196958127983618,0.02553456688559175,0.04025168067192732,2023-03-31,0.018960015256360267,0.014717113786335567,fold4,amihud_20,
2105.0,0.05603002673583676,0.06519299909788343,0.05534909500004731,0.06299596968490405,2023-04-28,0.009162972362046662,0.007646874684856739,fold4,amihud_20,
2000.0,-0.01702994362194987,-0.02628174240826364,-0.010559278614987202,-0.029711665264941286,2023-05-31,-0.00925179878631377,-0.019152386649954084,fold4,amihud_20,
1953.0,0.15347899391127479,0.1715054067672163,0.1539298023585961,0.18090491179250637,2023-06-30,0.018026412855941504,0.026975109433910266,fold4,amihud_20,
2029.0,-0.049908930607574224,-0.036961695697660474,-0.04214551436147122,-0.039461808782289026,2023-07-31,0.01294723490991375,0.0026837055791821968,fold4,amihud_20,
1850.0,0.16376637619301876,0.14522752128923255,0.15762183310691047,0.15201914088617774,2023-08-31,-0.018538854903786206,-0.00560269222073273,fold4,amihud_20,
1783.0,0.06176964541812974,0.04419440273575629,0.06046173581254537,0.043395205662250594,2023-09-28,-0.017575242682373447,-0.017066530150294773,fold4,amihud_20,
1781.0,-0.02537504180401288,-0.005182866772290851,-0.060463005666701396,-0.0349865633344569,2023-10-31,0.02019217503172203,0.025476442332244498,fold4,amihud_20,
2040.0,0.14542940168076968,0.10465717604906163,0.1419804655811185,0.11627178200854763,2023-11-30,-0.04077222563170804,-0.025708683572570862,fold4,amihud_20,
,,,,,2018-01-31,,,,amihud_20,0.030427153037948743
,,,,,2018-02-28,,,,amihud_20,0.23584248484881515
,,,,,2018-03-30,,,,amihud_20,0.0798082310485618
,,,,,2018-04-27,,,,amihud_20,-0.05439292933812194
,,,,,2018-05-31,,,,amihud_20,-0.028056019568070637
,,,,,2018-06-29,,,,amihud_20,-0.01033753140413323
,,,,,2018-07-31,,,,amihud_20,0.05017098461533141
,,,,,2018-08-31,,,,amihud_20,-0.02990570639137988
,,,,,2018-09-28,,,,amihud_20,-0.03889088564240258
,,,,,2018-10-31,,,,amihud_20,0.010515096042115035
,,,,,2018-11-30,,,,amihud_20,0.04909771259128729
,,,,,2018-12-28,,,,amihud_20,0.004788536853202915
,,,,,2019-01-31,,,,amihud_20,-0.00980392156862745
,,,,,2019-02-28,,,,amihud_20,0.0846982154680554
,,,,,2019-03-29,,,,amihud_20,0.036898202685623285
,,,,,2019-04-30,,,,amihud_20,-0.014060351459467347
,,,,,2019-05-31,,,,amihud_20,0.08307021991941438
,,,,,2019-06-28,,,,amihud_20,-0.012215547792306712
,,,,,2019-07-31,,,,amihud_20,0.020839694844420886
,,,,,2019-08-30,,,,amihud_20,0.03195719118799575
,,,,,2019-09-30,,,,amihud_20,-0.08199425905925858
,,,,,2019-10-31,,,,amihud_20,-0.11591203978785591
,,,,,2019-11-29,,,,amihud_20,0.03258943233905743
,,,,,2019-12-31,,,,amihud_20,-0.03808236958698298
,,,,,2020-01-23,,,,amihud_20,-0.057500042825085224
,,,,,2020-02-28,,,,amihud_20,-0.032457279184285835
,,,,,2020-03-31,,,,amihud_20,0.030483746497862233
,,,,,2020-04-30,,,,amihud_20,-0.03923568204727531
,,,,,2020-05-29,,,,amihud_20,0.023654395890853205
,,,,,2020-06-30,,,,amihud_20,0.031839965033222964
,,,,,2020-07-31,,,,amihud_20,-0.062191936509803786
,,,,,2020-08-31,,,,amihud_20,-0.06257579902996376
,,,,,2020-09-30,,,,amihud_20,-0.030693955694103988
,,,,,2020-10-30,,,,amihud_20,-0.051812077413088506
,,,,,2020-11-30,,,,amihud_20,-0.031134774446876356
,,,,,2020-12-31,,,,amihud_20,-0.057041225890220315
,,,,,2021-01-29,,,,amihud_20,0.0031058972932777994
,,,,,2021-02-26,,,,amihud_20,0.033349162405443875
,,,,,2021-03-31,,,,amihud_20,-0.08769521211498671
,,,,,2021-04-30,,,,amihud_20,-0.08615448708725423
,,,,,2021-05-31,,,,amihud_20,-0.03284616573064467
,,,,,2021-06-30,,,,amihud_20,0.018733400232811337
,,,,,2021-07-30,,,,amihud_20,0.021385939250141817
,,,,,2021-08-31,,,,amihud_20,-0.013699080610230922
,,,,,2021-09-30,,,,amihud_20,0.0437658352051759
,,,,,2021-10-29,,,,amihud_20,-0.001451212977137308
,,,,,2021-11-30,,,,amihud_20,0.04386551037340477
,,,,,2021-12-31,,,,amihud_20,-0.0029526654026209376
,,,,,2022-01-28,,,,amihud_20,-0.01782450911595558
,,,,,2022-02-28,,,,amihud_20,-0.07067526798112737
,,,,,2022-03-31,,,,amihud_20,-0.06514091431593419
,,,,,2022-04-29,,,,amihud_20,-0.025191687495666713
,,,,,2022-05-31,,,,amihud_20,0.014075835670567543
,,,,,2022-06-30,,,,amihud_20,0.009904358241080704
,,,,,2022-07-29,,,,amihud_20,-0.017428553449948817
,,,,,2022-08-31,,,,amihud_20,-0.06592333848063585
,,,,,2022-09-30,,,,amihud_20,-0.06244111953824449
,,,,,2022-10-31,,,,amihud_20,0.03958119792012446
,,,,,2022-11-30,,,,amihud_20,0.015165995431360501
,,,,,2022-12-30,,,,amihud_20,0.006469866417088136
,,,,,2023-01-31,,,,amihud_20,0.060626136241139744
,,,,,2023-02-28,,,,amihud_20,-0.01993717856330965
,,,,,2023-03-31,,,,amihud_20,0.037052367685360854
,,,,,2023-04-28,,,,amihud_20,-0.060719616668643776
,,,,,2023-05-31,,,,amihud_20,-0.02479050178806044
,,,,,2023-06-30,,,,amihud_20,0.04460058758004083
,,,,,2023-07-31,,,,amihud_20,0.0750969457907457
,,,,,2023-08-31,,,,amihud_20,-0.0665050556598467
,,,,,2023-09-28,,,,amihud_20,0.010544475520546309
,,,,,2023-10-31,,,,amihud_20,-0.012438276266237015
,,,,,2023-11-30,,,,amihud_20,0.037882959774901366
1383.0,-0.05656014177733378,-0.06724124786307682,0.007344882545382596,0.01758736241401662,2020-01-23,-0.01068110608574304,0.010242479868634021,fold1,momentum_120,
1725.0,0.009597363328254335,0.012847121492396994,0.04830147064874413,0.04332491587529355,2020-02-28,0.0032497581641426597,-0.0049765547734505755,fold1,momentum_120,
1857.0,0.07120601376621263,0.07764368407363631,0.09332066738956876,0.10101477924095116,2020-03-31,0.006437670307423676,0.007694111851382399,fold1,momentum_120,
1409.0,-0.0369831956926793,-0.013210757679531785,-0.01046886961067199,0.033237608376293096,2020-04-30,0.023772438013147514,0.04370647798696509,fold1,momentum_120,
1358.0,0.00619148577642088,0.016426093657050892,-0.013787903831708689,0.010100652762429628,2020-05-29,0.010234607880630013,0.023888556594138317,fold1,momentum_120,
1425.0,0.011860820756339298,0.016407824171232703,0.006872984425515598,-0.0021961412359052016,2020-06-30,0.004547003414893405,-0.0090691256614208,fold1,momentum_120,
2085.0,0.12392312908472747,0.12066313689799697,0.15399999824249055,0.15695906993171185,2020-07-31,-0.0032599921867304954,0.0029590716892212987,fold1,momentum_120,
2058.0,-0.03210946922924628,-0.039789102484267175,0.011984043796222095,-0.009694554947236757,2020-08-31,-0.0076796332550208915,-0.02167859874345885,fold1,momentum_120,
1743.0,-0.032509846781176154,-0.037521314051316236,-0.015638637187739786,-0.01759432740788872,2020-09-30,-0.0050114672701400825,-0.0019556902201489333,fold1,momentum_120,
1496.0,0.08116528519582814,0.06642566319141223,0.08633691761780975,0.06720022023624334,2020-10-30,-0.014739622004415906,-0.01913669738156641,fold1,momentum_120,
1644.0,-0.005342738964095117,-0.002316718831492922,0.045609926473708436,0.053106170630335486,2020-11-30,0.0030260201326021948,0.007496244156627051,fold1,momentum_120,
1549.0,-0.006238043466976347,-0.006241811546622624,-0.006886410578159798,0.007381100133016171,2021-01-29,-3.7680796462769006e-06,0.01426751071117597,fold2,momentum_120,
1423.0,0.025159406772865364,0.055006305596813986,0.003023363180593238,0.03579286147912408,2021-02-26,0.02984689882394862,0.03276949829853085,fold2,momentum_120,
1469.0,0.13073580711939986,0.12435442252463795,0.15250768882676427,0.1446689639445554,2021-03-31,-0.00638138459476191,-0.00783872488220888,fold2,momentum_120,
1443.0,-0.0371106146305024,-0.013957592489463705,-0.045333437629164586,-0.040884363896797754,2021-04-30,0.023153022141038697,0.004449073732366832,fold2,momentum_120,
1510.0,0.04119446488364553,0.07473740701937252,0.062482056481457625,0.09251227718187144,2021-05-31,0.03354294213572699,0.030030220700413814,fold2,momentum_120,
1702.0,0.034867714599210634,0.03642371744305016,0.03179909808683955,0.0383353024365132,2021-06-30,0.0015560028438395268,0.006536204349673655,fold2,momentum_120,
1819.0,0.035023856416728914,0.048347535290971744,0.058854814366538895,0.07633830123699284,2021-07-30,0.01332367887424283,0.017483486870453945,fold2,momentum_120,
1977.0,0.06274579886767101,0.026644304618026228,0.025811921873174774,-0.015701948997817034,2021-08-31,-0.03610149424964478,-0.04151387087099181,fold2,momentum_120,
2121.0,0.12961786796086447,0.1465200815483364,0.14118165042897352,0.15887275646019278,2021-09-30,0.01690221358747193,0.01769110603121926,fold2,momentum_120,
1792.0,0.06073424953642148,0.0729573111126677,0.04482643382285687,0.07111446457040657,2021-10-29,0.012223061576246225,0.0262880307475497,fold2,momentum_120,
1976.0,0.044546840962735715,-0.0018587676012321213,0.015382807531214463,-0.034996206655143504,2021-11-30,-0.04640560856396784,-0.05037901418635797,fold2,momentum_120,
2269.0,0.009319149088505964,0.004456453766429277,0.02062278684853676,0.024345302865135404,2022-01-28,-0.004862695322076687,0.0037225160165986447,fold3,momentum_120,
1951.0,-0.04879255808401203,-0.02704159926501523,-0.055885038606598186,-0.03202844938704294,2022-02-28,0.0217509588189968,0.023856589219555246,fold3,momentum_120,
2065.0,0.2226890601563339,0.20263694425073675,0.25239888899221524,0.23697418605274514,2022-03-31,-0.020052115905597162,-0.015424702939470097,fold3,momentum_120,
1923.0,0.16449295110820178,0.15666497508924154,0.24760149992805267,0.21736400589722163,2022-04-29,-0.007827976018960237,-0.030237494030831036,fold3,momentum_120,
1833.0,0.1052172980490801,0.05260799691414678,0.09614944069786016,0.02793499142402797,2022-05-31,-0.05260930113493332,-0.06821444927383219,fold3,momentum_120,
2161.0,-0.21712126089916572,-0.20207927985072335,-0.16409293834924576,-0.14512315987650615,2022-06-30,0.015041981048442371,0.018969778472739618,fold3,momentum_120,
2167.0,0.054205492725580305,0.07267582780301794,0.04180521060086617,0.06757887735518511,2022-07-29,0.018470335077437637,0.02577366675431894,fold3,momentum_120,
2199.0,-0.013900931706686992,0.0028817810719852684,0.02999341291739902,0.05759663696795001,2022-08-31,0.01678271277867226,0.027603224050550993,fold3,momentum_120,
1872.0,0.15000205701731478,0.17735372836800617,0.17964633896201296,0.21290974807714372,2022-09-30,0.027351671350691387,0.03326340911513076,fold3,momentum_120,
1688.0,0.03469604520080074,0.020328838997776297,0.06050483508882846,0.03937754999466023,2022-10-31,-0.014367206203024441,-0.02112728509416823,fold3,momentum_120,
2117.0,0.09428078435265892,0.0697377139544628,0.11625674105116726,0.0740397286739062,2022-11-30,-0.02454307039819613,-0.04221701237726107,fold3,momentum_120,
1715.0,0.037494743582206655,0.04958993884237401,0.03996019256707863,0.0487920374167105,2023-01-31,0.012095195260167356,0.00883184484963187,fold4,momentum_120,
2135.0,-0.11865531618150317,-0.10628830362044828,-0.08952444728408479,-0.08408230984809124,2023-02-28,0.012367012561054894,0.0054421374359935465,fold4,momentum_120,
2004.0,-0.002763057128376649,0.012549394029690788,0.02553456688559175,0.04370072932908816,2023-03-31,0.015312451158067437,0.01816616244349641,fold4,momentum_120,
2105.0,0.05603002673583676,0.053606736666903784,0.05534909500004731,0.06293718486196119,2023-04-28,-0.002423290068932979,0.00758808986191388,fold4,momentum_120,
2000.0,-0.01702994362194987,0.0051559806342736225,-0.010559278614987202,-0.018822076052512456,2023-05-31,0.02218592425622349,-0.008262797437525254,fold4,momentum_120,
1953.0,0.15347899391127479,0.15316738154169632,0.1539298023585961,0.16135211476054467,2023-06-30,-0.00031161236957846783,0.007422312401948572,fold4,momentum_120,
2029.0,-0.049908930607574224,-0.03276717079240606,-0.04214551436147122,-0.018817144832875367,2023-07-31,0.01714175981516816,0.023328369528595856,fold4,momentum_120,
1850.0,0.16376637619301876,0.1407013739666806,0.15762183310691047,0.14381360869242885,2023-08-31,-0.02306500222633817,-0.013808224414481624,fold4,momentum_120,
1783.0,0.06176964541812974,0.045063522076088505,0.06046173581254537,0.05356998226067091,2023-09-28,-0.016706123342041232,-0.006891753551874456,fold4,momentum_120,
1781.0,-0.02537504180401288,-0.021659663111899343,-0.060463005666701396,-0.049915591757500245,2023-10-31,0.0037153786921135384,0.01054741390920115,fold4,momentum_120,
2040.0,0.14542940168076968,0.11297235292788495,0.1419804655811185,0.12810987689226228,2023-11-30,-0.03245704875288473,-0.013870588688856211,fold4,momentum_120,
,,,,,2018-01-31,,,,momentum_120,-0.33344510068719924
,,,,,2018-02-28,,,,momentum_120,-0.30255257386839146
,,,,,2018-03-30,,,,momentum_120,0.09049279268721436
,,,,,2018-04-27,,,,momentum_120,0.09473630943213572
,,,,,2018-05-31,,,,momentum_120,0.11518824037478612
,,,,,2018-06-29,,,,momentum_120,0.030894780512835965
,,,,,2018-07-31,,,,momentum_120,0.0076872785806527165
,,,,,2018-08-31,,,,momentum_120,0.06416803413193305
,,,,,2018-09-28,,,,momentum_120,-0.17130444092571406
,,,,,2018-10-31,,,,momentum_120,-0.17074665370455372
,,,,,2018-11-30,,,,momentum_120,0.12651645194729325
,,,,,2018-12-28,,,,momentum_120,0.025406033790333418
,,,,,2019-01-31,,,,momentum_120,-0.06531014819480821
,,,,,2019-02-28,,,,momentum_120,0.0030000149617275484
,,,,,2019-03-29,,,,momentum_120,-0.008209864745909377
,,,,,2019-04-30,,,,momentum_120,0.01683799962309936
,,,,,2019-05-31,,,,momentum_120,0.06635392225033412
,,,,,2019-06-28,,,,momentum_120,0.003451310594167737
,,,,,2019-07-31,,,,momentum_120,0.01561925055358304
,,,,,2019-08-30,,,,momentum_120,-0.134050214075108
,,,,,2019-09-30,,,,momentum_120,-0.005588532784146197
,,,,,2019-10-31,,,,momentum_120,-0.024078500891400782
,,,,,2019-11-29,,,,momentum_120,-0.041500479424519246
,,,,,2019-12-31,,,,momentum_120,0.14186684864798318
,,,,,2020-01-23,,,,momentum_120,-0.09525319542754312
,,,,,2020-02-28,,,,momentum_120,-0.053173312907685795
,,,,,2020-03-31,,,,momentum_120,0.0885750982720959
,,,,,2020-04-30,,,,momentum_120,0.004593433819005846
,,,,,2020-05-29,,,,momentum_120,0.07058263477804927
,,,,,2020-06-30,,,,momentum_120,-0.02444199644263016
,,,,,2020-07-31,,,,momentum_120,-0.0030753988162803034
,,,,,2020-08-31,,,,momentum_120,-0.032102785385152856
,,,,,2020-09-30,,,,momentum_120,0.035374640904425034
,,,,,2020-10-30,,,,momentum_120,-0.00829805614613481
,,,,,2020-11-30,,,,momentum_120,0.0869188541882829
,,,,,2020-12-31,,,,momentum_120,0.07693360408733661
,,,,,2021-01-29,,,,momentum_120,0.0012158641062490377
,,,,,2021-02-26,,,,momentum_120,0.1282460822503859
,,,,,2021-03-31,,,,momentum_120,0.053413708817301044
,,,,,2021-04-30,,,,momentum_120,0.09060088935414433
,,,,,2021-05-31,,,,momentum_120,-0.02099663867846159
,,,,,2021-06-30,,,,momentum_120,0.05133045632337724
,,,,,2021-07-30,,,,momentum_120,0.08068777877502346
,,,,,2021-08-31,,,,momentum_120,-0.013135626453000586
,,,,,2021-09-30,,,,momentum_120,-0.05473467820888843
,,,,,2021-10-29,,,,momentum_120,0.010930708294682786
,,,,,2021-11-30,,,,momentum_120,-0.06065974306108728
,,,,,2021-12-31,,,,momentum_120,0.05383498837593058
,,,,,2022-01-28,,,,momentum_120,0.0718021847311434
,,,,,2022-02-28,,,,momentum_120,0.042140876386615164
,,,,,2022-03-31,,,,momentum_120,-0.015201112200250453
,,,,,2022-04-29,,,,momentum_120,-0.13212611900474186
,,,,,2022-05-31,,,,momentum_120,-0.11154502351758883
,,,,,2022-06-30,,,,momentum_120,-0.005596997703014694
,,,,,2022-07-29,,,,momentum_120,0.0616254780058803
,,,,,2022-08-31,,,,momentum_120,0.15670980146217564
,,,,,2022-09-30,,,,momentum_120,0.10690917831631355
,,,,,2022-10-31,,,,momentum_120,-0.15801375808226684
,,,,,2022-11-30,,,,momentum_120,-0.03698984071980976
,,,,,2022-12-30,,,,momentum_120,-0.08936024330808173
,,,,,2023-01-31,,,,momentum_120,0.15999666685815914
,,,,,2023-02-28,,,,momentum_120,0.16474984253791602
,,,,,2023-03-31,,,,momentum_120,0.03861007864647047
,,,,,2023-04-28,,,,momentum_120,-0.006139704156807947
,,,,,2023-05-31,,,,momentum_120,0.01858910547962815
,,,,,2023-06-30,,,,momentum_120,-0.08368078679437187
,,,,,2023-07-31,,,,momentum_120,0.09969459353117983
,,,,,2023-08-31,,,,momentum_120,0.003347158382414263
,,,,,2023-09-28,,,,momentum_120,-0.06324321828620962
,,,,,2023-10-31,,,,momentum_120,-0.03177580706485041
,,,,,2023-11-30,,,,momentum_120,-0.024304773920586244
1383.0,-0.05656014177733378,-0.07413640822859147,0.007344882545382596,-0.010404988671392642,2020-01-23,-0.017576266451257684,-0.017749871216775237,fold1,skewness_60,
1725.0,0.009597363328254335,0.015868151032392367,0.04830147064874413,0.0661210304472339,2020-02-28,0.0062707877041380325,0.017819559798489773,fold1,skewness_60,
1857.0,0.07120601376621263,0.06951317324022804,0.09332066738956876,0.08749601876556315,2020-03-31,-0.0016928405259845902,-0.005824648624005613,fold1,skewness_60,
1409.0,-0.0369831956926793,-0.042885016854543156,-0.01046886961067199,-0.00965440374260672,2020-04-30,-0.005901821161863857,0.000814465868065271,fold1,skewness_60,
1358.0,0.00619148577642088,0.009412653784295174,-0.013787903831708689,-0.00038100315020407453,2020-05-29,0.003221168007874294,0.013406900681504614,fold1,skewness_60,
1425.0,0.011860820756339298,0.021981957900666732,0.006872984425515598,0.014245055289950924,2020-06-30,0.010121137144327434,0.007372070864435326,fold1,skewness_60,
2085.0,0.12392312908472747,0.10759202110750941,0.15399999824249055,0.13881557349436016,2020-07-31,-0.016331107977218054,-0.015184424748130393,fold1,skewness_60,
2058.0,-0.03210946922924628,-0.03896988480938361,0.011984043796222095,-0.005457265773270893,2020-08-31,-0.006860415580137329,-0.01744130956949299,fold1,skewness_60,
1743.0,-0.032509846781176154,-0.02707913841948362,-0.015638637187739786,-0.010374542307231577,2020-09-30,0.005430708361692533,0.005264094880508208,fold1,skewness_60,
1496.0,0.08116528519582814,0.06747299642966159,0.08633691761780975,0.07795909683599522,2020-10-30,-0.013692288766166544,-0.008377820781814524,fold1,skewness_60,
1644.0,-0.005342738964095117,-0.0044561895785341045,0.045609926473708436,0.04266532744470512,2020-11-30,0.0008865493855610123,-0.0029445990290033128,fold1,skewness_60,
1549.0,-0.006238043466976347,-0.008872042988803104,-0.006886410578159798,-0.009529197018793576,2021-01-29,-0.002633999521826757,-0.002642786440633778,fold2,skewness_60,
1423.0,0.025159406772865364,0.03383754711302686,0.003023363180593238,0.01353328769804544,2021-02-26,0.008678140340161497,0.010509924517452203,fold2,skewness_60,
1469.0,0.13073580711939986,0.12839515586908917,0.15250768882676427,0.1565496861922039,2021-03-31,-0.002340651250310688,0.004041997365439642,fold2,skewness_60,
1443.0,-0.0371106146305024,-0.025279582051432124,-0.045333437629164586,-0.041304448026167916,2021-04-30,0.011831032579070276,0.00402898960299667,fold2,skewness_60,
1510.0,0.04119446488364553,0.038460545530295785,0.062482056481457625,0.06424226246569198,2021-05-31,-0.0027339193533497466,0.0017602059842343545,fold2,skewness_60,
1702.0,0.034867714599210634,0.01835495380815782,0.03179909808683955,0.02653731784674978,2021-06-30,-0.016512760791052815,-0.005261780240089768,fold2,skewness_60,
1819.0,0.035023856416728914,0.027658458031273547,0.058854814366538895,0.05334935488126976,2021-07-30,-0.007365398385455368,-0.005505459485269135,fold2,skewness_60,
1977.0,0.06274579886767101,0.04230560744984204,0.025811921873174774,-0.000227995290674211,2021-08-31,-0.02044019141782897,-0.026039917163848986,fold2,skewness_60,
2121.0,0.12961786796086447,0.12551803739281814,0.14118165042897352,0.14563502600142803,2021-09-30,-0.004099830568046331,0.00445337557245451,fold2,skewness_60,
1792.0,0.06073424953642148,0.04246847183498914,0.04482643382285687,0.04029947438881729,2021-10-29,-0.01826577770143234,-0.004526959434039579,fold2,skewness_60,
1976.0,0.044546840962735715,0.0481932708518779,0.015382807531214463,0.028592162635409597,2021-11-30,0.003646429889142183,0.013209355104195134,fold2,skewness_60,
2269.0,0.009319149088505964,0.004338642951868132,0.02062278684853676,0.018741540530696838,2022-01-28,-0.004980506136637831,-0.0018812463178399207,fold3,skewness_60,
1951.0,-0.04879255808401203,-0.03350423568444691,-0.055885038606598186,-0.031340756814068234,2022-02-28,0.015288322399565124,0.024544281792529953,fold3,skewness_60,
2065.0,0.2226890601563339,0.2221439402448714,0.25239888899221524,0.24935291150978361,2022-03-31,-0.0005451199114624994,-0.0030459774824316277,fold3,skewness_60,
1923.0,0.16449295110820178,0.16338003046840993,0.24760149992805267,0.226214203892403,2022-04-29,-0.0011129206397918479,-0.021387296035649678,fold3,skewness_60,
1833.0,0.1052172980490801,0.10250518470635601,0.09614944069786016,0.09397776818874473,2022-05-31,-0.0027121133427240873,-0.00217167250911543,fold3,skewness_60,
2161.0,-0.21712126089916572,-0.19729021382025702,-0.16409293834924576,-0.14240788033943552,2022-06-30,0.019831047078908703,0.021685058009810243,fold3,skewness_60,
2167.0,0.054205492725580305,0.08092570640092625,0.04180521060086617,0.06744545975336146,2022-07-29,0.026720213675345945,0.025640249152495284,fold3,skewness_60,
2199.0,-0.013900931706686992,0.0012810301506149763,0.02999341291739902,0.028596295335060213,2022-08-31,0.015181961857301968,-0.0013971175823388055,fold3,skewness_60,
1872.0,0.15000205701731478,0.13305518592930551,0.17964633896201296,0.16791275609598655,2022-09-30,-0.01694687108800927,-0.01173358286602641,fold3,skewness_60,
1688.0,0.03469604520080074,0.052399901579024966,0.06050483508882846,0.07797676390997492,2022-10-31,0.017703856378224227,0.01747192882114646,fold3,skewness_60,
2117.0,0.09428078435265892,0.09891907471706476,0.11625674105116726,0.11217203963694306,2022-11-30,0.004638290364405842,-0.004084701414224207,fold3,skewness_60,
1715.0,0.037494743582206655,0.052535449907125775,0.03996019256707863,0.05342775292931515,2023-01-31,0.01504070632491912,0.013467560362236515,fold4,skewness_60,
2135.0,-0.11865531618150317,-0.1206168631395791,-0.08952444728408479,-0.10239066155403496,2023-02-28,-0.0019615469580759326,-0.012866214269950174,fold4,skewness_60,
2004.0,-0.002763057128376649,0.037834461560339525,0.02553456688559175,0.06043610158568502,2023-03-31,0.040597518688716173,0.03490153470009327,fold4,skewness_60,
2105.0,0.05603002673583676,0.07032812761032964,0.05534909500004731,0.07565720957958205,2023-04-28,0.014298100874492875,0.020308114579534742,fold4,skewness_60,
2000.0,-0.01702994362194987,-0.016299628969048494,-0.010559278614987202,-0.014859392883520917,2023-05-31,0.0007303146529013746,-0.004300114268533715,fold4,skewness_60,
1953.0,0.15347899391127479,0.18095076738677288,0.1539298023585961,0.18332391002754428,2023-06-30,0.02747177347549809,0.029394107668948177,fold4,skewness_60,
2029.0,-0.049908930607574224,-0.024273674714606275,-0.04214551436147122,-0.023217337753601276,2023-07-31,0.02563525589296795,0.018928176607869947,fold4,skewness_60,
1850.0,0.16376637619301876,0.16596974021766217,0.15762183310691047,0.1637939902089459,2023-08-31,0.0022033640246434116,0.006172157102035419,fold4,skewness_60,
1783.0,0.06176964541812974,0.05135581891529738,0.06046173581254537,0.05595902088651303,2023-09-28,-0.01041382650283236,-0.004502714926032339,fold4,skewness_60,
1781.0,-0.02537504180401288,-0.035455081656538885,-0.060463005666701396,-0.06303217637021645,2023-10-31,-0.010080039852526004,-0.0025691707035150543,fold4,skewness_60,
2040.0,0.14542940168076968,0.12829043459919318,0.1419804655811185,0.13283111117754526,2023-11-30,-0.0171389670815765,-0.009149354403573229,fold4,skewness_60,
,,,,,2018-01-31,,,,skewness_60,0.04798930677181203
,,,,,2018-02-28,,,,skewness_60,-0.20291122054445138
,,,,,2018-03-30,,,,skewness_60,-0.012793535066141096
,,,,,2018-04-27,,,,skewness_60,0.029923005275338498
,,,,,2018-05-31,,,,skewness_60,-0.017412898222169192
,,,,,2018-06-29,,,,skewness_60,0.07613656695978532
,,,,,2018-07-31,,,,skewness_60,-0.016891034054589218
,,,,,2018-08-31,,,,skewness_60,0.03830525679577246
,,,,,2018-09-28,,,,skewness_60,-0.14799178917870642
,,,,,2018-10-31,,,,skewness_60,0.02571308430477263
,,,,,2018-11-30,,,,skewness_60,0.0668748197247652
,,,,,2018-12-28,,,,skewness_60,0.0700201044167782
,,,,,2019-01-31,,,,skewness_60,-0.046834372199381906
,,,,,2019-02-28,,,,skewness_60,-0.05461006060361625
,,,,,2019-03-29,,,,skewness_60,0.013684343439130327
,,,,,2019-04-30,,,,skewness_60,-0.03208381766830942
,,,,,2019-05-31,,,,skewness_60,0.05569549188075995
,,,,,2019-06-28,,,,skewness_60,-0.009183253089393422
,,,,,2019-07-31,,,,skewness_60,0.07472753910634365
,,,,,2019-08-30,,,,skewness_60,0.01099002463976831
,,,,,2019-09-30,,,,skewness_60,-0.06983551528602078
,,,,,2019-10-31,,,,skewness_60,0.008258864026170706
,,,,,2019-11-29,,,,skewness_60,0.01945305675068361
,,,,,2019-12-31,,,,skewness_60,0.03484340245927684
,,,,,2020-01-23,,,,skewness_60,-0.019055125351278398
,,,,,2020-02-28,,,,skewness_60,0.03452256512871144
,,,,,2020-03-31,,,,skewness_60,-0.09320222921923789
,,,,,2020-04-30,,,,skewness_60,-0.012625337048118144
,,,,,2020-05-29,,,,skewness_60,-0.056888750525788415
,,,,,2020-06-30,,,,skewness_60,-0.01383482293310426
,,,,,2020-07-31,,,,skewness_60,0.021546053419425497
,,,,,2020-08-31,,,,skewness_60,0.04007367887370816
,,,,,2020-09-30,,,,skewness_60,0.001431521067738058
,,,,,2020-10-30,,,,skewness_60,-0.0009700852555325239
,,,,,2020-11-30,,,,skewness_60,-0.015017168857558515
,,,,,2020-12-31,,,,skewness_60,0.037578946448393095
,,,,,2021-01-29,,,,skewness_60,-0.008800502063144637
,,,,,2021-02-26,,,,skewness_60,-0.051227140663064094
,,,,,2021-03-31,,,,skewness_60,0.00804489091173157
,,,,,2021-04-30,,,,skewness_60,-0.02867606494535545
,,,,,2021-05-31,,,,skewness_60,-0.028981934575059064
,,,,,2021-06-30,,,,skewness_60,-0.003894578620363382
,,,,,2021-07-30,,,,skewness_60,-0.03312846479832141
,,,,,2021-08-31,,,,skewness_60,-0.00316955459626498
,,,,,2021-09-30,,,,skewness_60,0.010805097792320507
,,,,,2021-10-29,,,,skewness_60,0.016930791526981636
,,,,,2021-11-30,,,,skewness_60,0.020239770443170248
,,,,,2021-12-31,,,,skewness_60,0.04066883851923368
,,,,,2022-01-28,,,,skewness_60,-0.05704124384048309
,,,,,2022-02-28,,,,skewness_60,-0.0612478749072387
,,,,,2022-03-31,,,,skewness_60,0.015622722073673235
,,,,,2022-04-29,,,,skewness_60,-0.05692624085685944
,,,,,2022-05-31,,,,skewness_60,0.0805499935652666
,,,,,2022-06-30,,,,skewness_60,-0.0196750107242757
,,,,,2022-07-29,,,,skewness_60,0.025875934924757645
,,,,,2022-08-31,,,,skewness_60,0.04014568617514225
,,,,,2022-09-30,,,,skewness_60,-0.01699334764447914
,,,,,2022-10-31,,,,skewness_60,-0.00033010289150487413
,,,,,2022-11-30,,,,skewness_60,0.07676771617109898
,,,,,2022-12-30,,,,skewness_60,-0.009438935676411247
,,,,,2023-01-31,,,,skewness_60,0.04611951057190014
,,,,,2023-02-28,,,,skewness_60,0.009195604516207802
,,,,,2023-03-31,,,,skewness_60,-0.017466908530189045
,,,,,2023-04-28,,,,skewness_60,0.00466973851964515
,,,,,2023-05-31,,,,skewness_60,0.04135570649448007
,,,,,2023-06-30,,,,skewness_60,0.023437651456863013
,,,,,2023-07-31,,,,skewness_60,-0.05170605148382577
,,,,,2023-08-31,,,,skewness_60,-0.023240481560349985
,,,,,2023-09-28,,,,skewness_60,0.010491785652475865
,,,,,2023-10-31,,,,skewness_60,0.03184969344547721
,,,,,2023-11-30,,,,skewness_60,0.00900107675533874
1383.0,-0.05656014177733378,-0.05448586729144839,0.007344882545382596,0.01045494619003651,2020-01-23,0.0020742744858853954,0.003110063644653914,fold1,high_52w_proximity,
1725.0,0.009597363328254335,-0.006486378622057159,0.04830147064874413,0.0347039429388363,2020-02-28,-0.016083741950311495,-0.013597527709907825,fold1,high_52w_proximity,
1857.0,0.07120601376621263,0.0702238601864644,0.09332066738956876,0.08964108912250143,2020-03-31,-0.000982153579748235,-0.0036795782670673294,fold1,high_52w_proximity,
1409.0,-0.0369831956926793,-0.015091050489616339,-0.01046886961067199,0.017461399020779197,2020-04-30,0.02189214520306296,0.027930268631451188,fold1,high_52w_proximity,
1358.0,0.00619148577642088,-0.0038970464731494575,-0.013787903831708689,-0.008274595697065809,2020-05-29,-0.010088532249570337,0.00551330813464288,fold1,high_52w_proximity,
1425.0,0.011860820756339298,0.035899618900052256,0.006872984425515598,0.029753531469505056,2020-06-30,0.02403879814371296,0.02288054704398946,fold1,high_52w_proximity,
2085.0,0.12392312908472747,0.11218093185458411,0.15399999824249055,0.14660474842074164,2020-07-31,-0.011742197230143359,-0.0073952498217489115,fold1,high_52w_proximity,
2058.0,-0.03210946922924628,-0.04474799289388935,0.011984043796222095,0.006997664721484173,2020-08-31,-0.012638523664643068,-0.0049863790747379216,fold1,high_52w_proximity,
1743.0,-0.032509846781176154,-0.021573536104367894,-0.015638637187739786,-0.007202233744046421,2020-09-30,0.01093631067680826,0.008436403443693365,fold1,high_52w_proximity,
1496.0,0.08116528519582814,0.06193855614276953,0.08633691761780975,0.0737150926180048,2020-10-30,-0.019226729053058604,-0.012621824999804951,fold1,high_52w_proximity,
1644.0,-0.005342738964095117,0.0029451681635246298,0.045609926473708436,0.0586756965573606,2020-11-30,0.008287907127619747,0.013065770083652166,fold1,high_52w_proximity,
1549.0,-0.006238043466976347,-0.012055571407835558,-0.006886410578159798,-0.021815833100084288,2021-01-29,-0.005817527940859211,-0.014929422521924491,fold2,high_52w_proximity,
1423.0,0.025159406772865364,0.04303979333715957,0.003023363180593238,0.028428350266006673,2021-02-26,0.017880386564294207,0.025404987085413434,fold2,high_52w_proximity,
1469.0,0.13073580711939986,0.1520363921774939,0.15250768882676427,0.17548226768844907,2021-03-31,0.02130058505809404,0.022974578861684802,fold2,high_52w_proximity,
1443.0,-0.0371106146305024,-0.033157412323169426,-0.045333437629164586,-0.053844313734475395,2021-04-30,0.0039532023073329745,-0.00851087610531081,fold2,high_52w_proximity,
1510.0,0.04119446488364553,0.05764367191983006,0.062482056481457625,0.07402703152538599,2021-05-31,0.016449207036184528,0.011544975043928367,fold2,high_52w_proximity,
1702.0,0.034867714599210634,0.0447976089299987,0.03179909808683955,0.04630503980594452,2021-06-30,0.009929894330788065,0.014505941719104971,fold2,high_52w_proximity,
1819.0,0.035023856416728914,0.048329117636080304,0.058854814366538895,0.0843901503033771,2021-07-30,0.01330526121935139,0.025535335936838204,fold2,high_52w_proximity,
1977.0,0.06274579886767101,0.04895689521649469,0.025811921873174774,0.007423656678490945,2021-08-31,-0.01378890365117632,-0.01838826519468383,fold2,high_52w_proximity,
2121.0,0.12961786796086447,0.13243424015222088,0.14118165042897352,0.1325500910569734,2021-09-30,0.0028163721913564144,-0.008631559372000108,fold2,high_52w_proximity,
1792.0,0.06073424953642148,0.06199662916614578,0.04482643382285687,0.04342299521779223,2021-10-29,0.0012623796297243015,-0.0014034386050646441,fold2,high_52w_proximity,
1976.0,0.044546840962735715,-0.016386213414766367,0.015382807531214463,-0.041938397034498656,2021-11-30,-0.060933054377502086,-0.057321204565713116,fold2,high_52w_proximity,
2269.0,0.009319149088505964,0.004564100215123648,0.02062278684853676,0.03834666889731468,2022-01-28,-0.004755048873382316,0.017723882048777923,fold3,high_52w_proximity,
1951.0,-0.04879255808401203,-0.049230846661226645,-0.055885038606598186,-0.04644591112717356,2022-02-28,-0.0004382885772146114,0.009439127479424624,fold3,high_52w_proximity,
2065.0,0.2226890601563339,0.21021396605932732,0.25239888899221524,0.23108208203429798,2022-03-31,-0.01247509409700659,-0.021316806957917267,fold3,high_52w_proximity,
1923.0,0.16449295110820178,0.17794773162521432,0.24760149992805267,0.25296407631790335,2022-04-29,0.013454780517012543,0.005362576389850687,fold3,high_52w_proximity,
1833.0,0.1052172980490801,0.035590671255587805,0.09614944069786016,0.022472390946895293,2022-05-31,-0.0696266267934923,-0.07367704975096487,fold3,high_52w_proximity,
2161.0,-0.21712126089916572,-0.18141739655784425,-0.16409293834924576,-0.12126388436026497,2022-06-30,0.03570386434132147,0.04282905398898079,fold3,high_52w_proximity,
2167.0,0.054205492725580305,0.06347019083798901,0.04180521060086617,0.058703564377683454,2022-07-29,0.009264698112408702,0.016898353776817282,fold3,high_52w_proximity,
2199.0,-0.013900931706686992,0.016602224980948665,0.02999341291739902,0.05942773797769741,2022-08-31,0.030503156687635657,0.029434325060298392,fold3,high_52w_proximity,
1872.0,0.15000205701731478,0.16248868290328453,0.17964633896201296,0.1851002271344293,2022-09-30,0.012486625885969743,0.005453888172416349,fold3,high_52w_proximity,
1688.0,0.03469604520080074,0.05234238896781036,0.06050483508882846,0.0818409959734806,2022-10-31,0.017646343767009624,0.021336160884652143,fold3,high_52w_proximity,
2117.0,0.09428078435265892,0.08014230932658113,0.11625674105116726,0.09197078417356638,2022-11-30,-0.01413847502607779,-0.02428595687760088,fold3,high_52w_proximity,
1715.0,0.037494743582206655,0.041533581862663524,0.03996019256707863,0.03833201323762709,2023-01-31,0.004038838280456869,-0.0016281793294515429,fold4,high_52w_proximity,
2135.0,-0.11865531618150317,-0.1182506411945068,-0.08952444728408479,-0.09522942839968469,2023-02-28,0.0004046749869963673,-0.0057049811155999025,fold4,high_52w_proximity,
2004.0,-0.002763057128376649,0.04308890178535668,0.02553456688559175,0.08325972674451808,2023-03-31,0.04585195891373333,0.05772515985892633,fold4,high_52w_proximity,
2105.0,0.05603002673583676,0.061555669797126865,0.05534909500004731,0.06148846550158978,2023-04-28,0.005525643061290102,0.006139370501542472,fold4,high_52w_proximity,
2000.0,-0.01702994362194987,-0.01595523152249558,-0.010559278614987202,-0.01235950114605285,2023-05-31,0.0010747120994542905,-0.0018002225310656487,fold4,high_52w_proximity,
1953.0,0.15347899391127479,0.16753270738785087,0.1539298023585961,0.15984419789333293,2023-06-30,0.01405371347657608,0.005914395534736827,fold4,high_52w_proximity,
2029.0,-0.049908930607574224,-0.00920214299552331,-0.04214551436147122,0.0060999395874687164,2023-07-31,0.04070678761205092,0.04824545394893994,fold4,high_52w_proximity,
1850.0,0.16376637619301876,0.14527709975307285,0.15762183310691047,0.161238497376537,2023-08-31,-0.018489276439945912,0.003616664269626535,fold4,high_52w_proximity,
1783.0,0.06176964541812974,0.05163256015278955,0.06046173581254537,0.05611394527331403,2023-09-28,-0.010137085265340184,-0.004347790539231337,fold4,high_52w_proximity,
1781.0,-0.02537504180401288,-0.00022952337327781028,-0.060463005666701396,-0.04034844309626784,2023-10-31,0.02514551843073507,0.020114562570433557,fold4,high_52w_proximity,
2040.0,0.14542940168076968,0.10819361267869002,0.1419804655811185,0.1184655175819562,2023-11-30,-0.03723578900207966,-0.02351494799916229,fold4,high_52w_proximity,
,,,,,2018-01-31,,,,high_52w_proximity,0.012222709974853595
,,,,,2018-02-28,,,,high_52w_proximity,-0.14593770766584432
,,,,,2018-03-30,,,,high_52w_proximity,0.0924746951920865
,,,,,2018-04-27,,,,high_52w_proximity,0.17109376187204212
,,,,,2018-05-31,,,,high_52w_proximity,0.03987342401463628
,,,,,2018-06-29,,,,high_52w_proximity,0.026900235927674356
,,,,,2018-07-31,,,,high_52w_proximity,-0.031081934568798406
,,,,,2018-08-31,,,,high_52w_proximity,0.0006980774171682218
,,,,,2018-09-28,,,,high_52w_proximity,-0.20942698842831742
,,,,,2018-10-31,,,,high_52w_proximity,-0.09147304726158567
,,,,,2018-11-30,,,,high_52w_proximity,0.07939280225004854
,,,,,2018-12-28,,,,high_52w_proximity,0.11502072436727694
,,,,,2019-01-31,,,,high_52w_proximity,-0.053780447236141414
,,,,,2019-02-28,,,,high_52w_proximity,0.06416329043621884
,,,,,2019-03-29,,,,high_52w_proximity,0.1326620292384536
,,,,,2019-04-30,,,,high_52w_proximity,0.0354453217883234
,,,,,2019-05-31,,,,high_52w_proximity,-0.06351398374323956
,,,,,2019-06-28,,,,high_52w_proximity,0.11261396380048806
,,,,,2019-07-31,,,,high_52w_proximity,0.02657899038499715
,,,,,2019-08-30,,,,high_52w_proximity,-0.005385358268697409
,,,,,2019-09-30,,,,high_52w_proximity,0.048264101799348105
,,,,,2019-10-31,,,,high_52w_proximity,0.02545661906101454
,,,,,2019-11-29,,,,high_52w_proximity,0.024272256109600543
,,,,,2019-12-31,,,,high_52w_proximity,0.14824306972367188
,,,,,2020-01-23,,,,high_52w_proximity,0.004635675730257862
,,,,,2020-02-28,,,,high_52w_proximity,0.05316326405127025
,,,,,2020-03-31,,,,high_52w_proximity,0.07828412194308632
,,,,,2020-04-30,,,,high_52w_proximity,-0.005745680885064245
,,,,,2020-05-29,,,,high_52w_proximity,0.02836802722631258
,,,,,2020-06-30,,,,high_52w_proximity,0.09103590824221126
,,,,,2020-07-31,,,,high_52w_proximity,0.03560751270386168
,,,,,2020-08-31,,,,high_52w_proximity,0.0031892299004017068
,,,,,2020-09-30,,,,high_52w_proximity,-0.027325689328927465
,,,,,2020-10-30,,,,high_52w_proximity,0.0553226786682849
,,,,,2020-11-30,,,,high_52w_proximity,0.04101893468697515
,,,,,2020-12-31,,,,high_52w_proximity,0.07962148823414587
,,,,,2021-01-29,,,,high_52w_proximity,0.03481839584845829
,,,,,2021-02-26,,,,high_52w_proximity,0.10396211084730118
,,,,,2021-03-31,,,,high_52w_proximity,-0.02335931160229783
,,,,,2021-04-30,,,,high_52w_proximity,0.006299771299008208
,,,,,2021-05-31,,,,high_52w_proximity,0.03856010358678979
,,,,,2021-06-30,,,,high_52w_proximity,0.09713048353696917
,,,,,2021-07-30,,,,high_52w_proximity,0.05145990309148039
,,,,,2021-08-31,,,,high_52w_proximity,-0.00474511069096326
,,,,,2021-09-30,,,,high_52w_proximity,-0.004225745098279189
,,,,,2021-10-29,,,,high_52w_proximity,0.0395284554766191
,,,,,2021-11-30,,,,high_52w_proximity,0.022599686646620445
,,,,,2021-12-31,,,,high_52w_proximity,0.03847996198772111
,,,,,2022-01-28,,,,high_52w_proximity,-0.014618675166146842
,,,,,2022-02-28,,,,high_52w_proximity,-0.0014652682838813549
,,,,,2022-03-31,,,,high_52w_proximity,0.04579968872991647
,,,,,2022-04-29,,,,high_52w_proximity,-0.05153619722080736
,,,,,2022-05-31,,,,high_52w_proximity,-0.09146502704385477
,,,,,2022-06-30,,,,high_52w_proximity,0.037961244691023806
,,,,,2022-07-29,,,,high_52w_proximity,0.040444143498110714
,,,,,2022-08-31,,,,high_52w_proximity,0.15690102090558394
,,,,,2022-09-30,,,,high_52w_proximity,-0.053782006539069116
,,,,,2022-10-31,,,,high_52w_proximity,-0.11507423168279912
,,,,,2022-11-30,,,,high_52w_proximity,-0.0028021638573731632
,,,,,2022-12-30,,,,high_52w_proximity,-0.13026054601677894
,,,,,2023-01-31,,,,high_52w_proximity,0.08425146465584088
,,,,,2023-02-28,,,,high_52w_proximity,0.1746707706175568
,,,,,2023-03-31,,,,high_52w_proximity,0.052902138815504686
,,,,,2023-04-28,,,,high_52w_proximity,-0.0015294142956609829
,,,,,2023-05-31,,,,high_52w_proximity,0.002461056441753102
,,,,,2023-06-30,,,,high_52w_proximity,-0.030846210038890338
,,,,,2023-07-31,,,,high_52w_proximity,0.13664551296271535
,,,,,2023-08-31,,,,high_52w_proximity,-0.01819919781362225
,,,,,2023-09-28,,,,high_52w_proximity,0.02332667694359523
,,,,,2023-10-31,,,,high_52w_proximity,-0.040581525852519194
,,,,,2023-11-30,,,,high_52w_proximity,-0.024239307738558702
1383.0,-0.05656014177733378,-0.07267168376010502,0.007344882545382596,2.862265279305206e-05,2020-01-23,-0.01611154198277124,-0.007316259892589544,fold1,amount_60,
1725.0,0.009597363328254335,-0.011607586444675903,0.04830147064874413,0.03440248594305713,2020-02-28,-0.021204949772930238,-0.013898984705686998,fold1,amount_60,
1857.0,0.07120601376621263,0.08288862527048395,0.09332066738956876,0.10255373390834649,2020-03-31,0.011682611504271315,0.009233066518777727,fold1,amount_60,
1409.0,-0.0369831956926793,-0.043135910937993405,-0.01046886961067199,-6.729158734236381e-05,2020-04-30,-0.006152715245314105,0.010401578023329626,fold1,amount_60,
1358.0,0.00619148577642088,0.001309514751933412,-0.013787903831708689,-0.009308464057011884,2020-05-29,-0.004881971024487468,0.004479439774696805,fold1,amount_60,
1425.0,0.011860820756339298,0.02100276827691437,0.006872984425515598,0.013736899302372993,2020-06-30,0.009141947520575074,0.006863914876857395,fold1,amount_60,
2085.0,0.12392312908472747,0.10577093592503559,0.15399999824249055,0.13386543532604997,2020-07-31,-0.018152193159691882,-0.020134562916440585,fold1,amount_60,
2058.0,-0.03210946922924628,-0.06244296819095097,0.011984043796222095,-0.01583562386298172,2020-08-31,-0.03033349896170469,-0.027819667659203816,fold1,amount_60,
1743.0,-0.032509846781176154,-0.031677648086766166,-0.015638637187739786,-0.0174252202569059,2020-09-30,0.0008321986944099871,-0.0017865830691661151,fold1,amount_60,
1496.0,0.08116528519582814,0.07600150422251349,0.08633691761780975,0.08514793716743933,2020-10-30,-0.005163780973314644,-0.0011889804503704138,fold1,amount_60,
1644.0,-0.005342738964095117,-0.0017433376493834751,0.045609926473708436,0.04399127817788952,2020-11-30,0.0035994013147116416,-0.0016186482958189183,fold1,amount_60,
1549.0,-0.006238043466976347,-0.0010084874285584114,-0.006886410578159798,-0.004848896542492082,2021-01-29,0.005229556038417935,0.002037514035667716,fold2,amount_60,
1423.0,0.025159406772865364,0.04822082510222347,0.003023363180593238,0.02100533561895466,2021-02-26,0.023061418329358103,0.01798197243836142,fold2,amount_60,
1469.0,0.13073580711939986,0.12046380582438758,0.15250768882676427,0.14436443117989317,2021-03-31,-0.010272001295012281,-0.0081432576468711,fold2,amount_60,
1443.0,-0.0371106146305024,-0.034584241127653514,-0.045333437629164586,-0.05380555424903984,2021-04-30,0.002526373502848886,-0.008472116619875257,fold2,amount_60,
1510.0,0.04119446488364553,0.04812454178924611,0.062482056481457625,0.07957887159397473,2021-05-31,0.006930076905600581,0.0170968151125171,fold2,amount_60,
1702.0,0.034867714599210634,0.03876145354789615,0.03179909808683955,0.03288599872081153,2021-06-30,0.00389373894868552,0.0010869006339719808,fold2,amount_60,
1819.0,0.035023856416728914,0.0338225371898135,0.058854814366538895,0.05662213647909568,2021-07-30,-0.0012013192269154163,-0.0022326778874432116,fold2,amount_60,
1977.0,0.06274579886767101,0.0404997614016654,0.025811921873174774,0.007913734041205142,2021-08-31,-0.022246037466005612,-0.01789818783196963,fold2,amount_60,
2121.0,0.12961786796086447,0.1444986353533378,0.14118165042897352,0.14765504751982253,2021-09-30,0.01488076739247332,0.006473397090849015,fold2,amount_60,
1792.0,0.06073424953642148,0.06523388538034372,0.04482643382285687,0.046227551495214854,2021-10-29,0.0044996358439222395,0.0014011176723579821,fold2,amount_60,
1976.0,0.044546840962735715,0.036683436310140614,0.015382807531214463,0.019889470478741372,2021-11-30,-0.0078634046525951,0.004506662947526909,fold2,amount_60,
2269.0,0.009319149088505964,0.0076267149718343905,0.02062278684853676,0.03504790648113238,2022-01-28,-0.001692434116671573,0.014425119632595622,fold3,amount_60,
1951.0,-0.04879255808401203,-0.03097410600225766,-0.055885038606598186,-0.03784387983118071,2022-02-28,0.017818452081754373,0.018041158775417475,fold3,amount_60,
2065.0,0.2226890601563339,0.23403932739111533,0.25239888899221524,0.26284061341303816,2022-03-31,0.011350267234781414,0.010441724420822918,fold3,amount_60,
1923.0,0.16449295110820178,0.18174457290931328,0.24760149992805267,0.2554828490815155,2022-04-29,0.017251621801111505,0.007881349153462808,fold3,amount_60,
1833.0,0.1052172980490801,0.13527978428583617,0.09614944069786016,0.1187779392629602,2022-05-31,0.030062486236756072,0.022628498565100033,fold3,amount_60,
2161.0,-0.21712126089916572,-0.2079951616631237,-0.16409293834924576,-0.1507647948507524,2022-06-30,0.009126099236042018,0.013328143498493372,fold3,amount_60,
2167.0,0.054205492725580305,0.06501415812093403,0.04180521060086617,0.03897720980120018,2022-07-29,0.010808665395353724,-0.0028280007996659903,fold3,amount_60,
2199.0,-0.013900931706686992,0.00595512056757427,0.02999341291739902,0.03262181457579999,2022-08-31,0.019856052274261262,0.0026284016584009716,fold3,amount_60,
1872.0,0.15000205701731478,0.15441493024017208,0.17964633896201296,0.18361794599771003,2022-09-30,0.0044128732228573,0.003971607035697072,fold3,amount_60,
1688.0,0.03469604520080074,0.03715295028348853,0.06050483508882846,0.0582334608769543,2022-10-31,0.0024569050826877895,-0.0022713742118741567,fold3,amount_60,
2117.0,0.09428078435265892,0.09735402064514771,0.11625674105116726,0.11495480754492884,2022-11-30,0.00307323629248879,-0.0013019335062384174,fold3,amount_60,
1715.0,0.037494743582206655,0.05174768677431809,0.03996019256707863,0.06228806810883241,2023-01-31,0.014252943192111435,0.022327875541753778,fold4,amount_60,
2135.0,-0.11865531618150317,-0.14389120719341467,-0.08952444728408479,-0.11081415276726227,2023-02-28,-0.025235891011911496,-0.021289705483177476,fold4,amount_60,
2004.0,-0.002763057128376649,0.0033884064827648776,0.02553456688559175,0.04462502195630093,2023-03-31,0.0061514636111415265,0.019090455070709177,fold4,amount_60,
2105.0,0.05603002673583676,0.0434466768586142,0.05534909500004731,0.05475032014229757,2023-04-28,-0.012583349877222566,-0.0005987748577497426,fold4,amount_60,
2000.0,-0.01702994362194987,-0.012894971883556422,-0.010559278614987202,-0.017805009752477896,2023-05-31,0.0041349717383934465,-0.007245731137490694,fold4,amount_60,
1953.0,0.15347899391127479,0.17060254647512393,0.1539298023585961,0.1634535953436016,2023-06-30,0.017123552563849148,0.009523792985005497,fold4,amount_60,
2029.0,-0.049908930607574224,-0.04549474422469528,-0.04214551436147122,-0.03395075507762818,2023-07-31,0.004414186382878944,0.008194759283843042,fold4,amount_60,
1850.0,0.16376637619301876,0.1466783337038392,0.15762183310691047,0.1505963670814543,2023-08-31,-0.017088042489179556,-0.007025466025456173,fold4,amount_60,
1783.0,0.06176964541812974,0.04938415165453607,0.06046173581254537,0.04829398548176018,2023-09-28,-0.012385493763593665,-0.012167750330785189,fold4,amount_60,
1781.0,-0.02537504180401288,-0.022388496879901715,-0.060463005666701396,-0.05603170782024666,2023-10-31,0.0029865449241111668,0.004431297846454733,fold4,amount_60,
2040.0,0.14542940168076968,0.12350635947371323,0.1419804655811185,0.1264252471414853,2023-11-30,-0.021923042207056445,-0.0155552184396332,fold4,amount_60,
,,,,,2018-01-31,,,,amount_60,-0.16039477091980003
,,,,,2018-02-28,,,,amount_60,-0.21036122047882544
,,,,,2018-03-30,,,,amount_60,0.004932532273156439
,,,,,2018-04-27,,,,amount_60,0.1216732218611329
,,,,,2018-05-31,,,,amount_60,-0.020214373781967148
,,,,,2018-06-29,,,,amount_60,0.06557383474028647
,,,,,2018-07-31,,,,amount_60,-0.05857895011656777
,,,,,2018-08-31,,,,amount_60,0.043735507003058935
,,,,,2018-09-28,,,,amount_60,0.07451820046166648
,,,,,2018-10-31,,,,amount_60,-0.034946255868815834
,,,,,2018-11-30,,,,amount_60,0.008951851455754355
,,,,,2018-12-28,,,,amount_60,0.049404517100937594
,,,,,2019-01-31,,,,amount_60,-0.004669371335334708
,,,,,2019-02-28,,,,amount_60,-0.09001035786860866
,,,,,2019-03-29,,,,amount_60,-0.09504749814605867
,,,,,2019-04-30,,,,amount_60,0.009019211387446924
,,,,,2019-05-31,,,,amount_60,-0.05061203420381158
,,,,,2019-06-28,,,,amount_60,0.011624375396972472
,,,,,2019-07-31,,,,amount_60,0.10601075379529801
,,,,,2019-08-30,,,,amount_60,0.03291832433384826
,,,,,2019-09-30,,,,amount_60,0.0875200766199795
,,,,,2019-10-31,,,,amount_60,-0.017884827057143737
,,,,,2019-11-29,,,,amount_60,0.079700513270978
,,,,,2019-12-31,,,,amount_60,0.04165932240987547
,,,,,2020-01-23,,,,amount_60,-0.016591574006705957
,,,,,2020-02-28,,,,amount_60,0.07510385282290295
,,,,,2020-03-31,,,,amount_60,-0.0712756297728705
,,,,,2020-04-30,,,,amount_60,0.02464486281182359
,,,,,2020-05-29,,,,amount_60,-0.05693621500897474
,,,,,2020-06-30,,,,amount_60,-0.001365310011775894
,,,,,2020-07-31,,,,amount_60,0.0787185462905994
,,,,,2020-08-31,,,,amount_60,-0.0035329243929264134
,,,,,2020-09-30,,,,amount_60,0.04435477856307314
,,,,,2020-10-30,,,,amount_60,0.02955764274176293
,,,,,2020-11-30,,,,amount_60,-0.022203689532277013
,,,,,2020-12-31,,,,amount_60,-0.018754745235826927
,,,,,2021-01-29,,,,amount_60,-0.039290836698054075
,,,,,2021-02-26,,,,amount_60,-0.012254932842903219
,,,,,2021-03-31,,,,amount_60,-0.008387525301321475
,,,,,2021-04-30,,,,amount_60,0.11756118218605538
,,,,,2021-05-31,,,,amount_60,0.030865613020222726
,,,,,2021-06-30,,,,amount_60,0.030860372233667197
,,,,,2021-07-30,,,,amount_60,-0.041931611212462146
,,,,,2021-08-31,,,,amount_60,0.01664851267773308
,,,,,2021-09-30,,,,amount_60,0.03187547048247194
,,,,,2021-10-29,,,,amount_60,0.009616570750488652
,,,,,2021-11-30,,,,amount_60,-0.1001930125692246
,,,,,2021-12-31,,,,amount_60,0.0070410616951550225
,,,,,2022-01-28,,,,amount_60,-0.035363110481601075
,,,,,2022-02-28,,,,amount_60,0.01970583370326007
,,,,,2022-03-31,,,,amount_60,0.05708501207548032
,,,,,2022-04-29,,,,amount_60,-0.07350342447518118
,,,,,2022-05-31,,,,amount_60,0.00688200136747074
,,,,,2022-06-30,,,,amount_60,-0.003158922761917731
,,,,,2022-07-29,,,,amount_60,0.004216372405049765
,,,,,2022-08-31,,,,amount_60,0.08727098796701967
,,,,,2022-09-30,,,,amount_60,0.0018465408608259134
,,,,,2022-10-31,,,,amount_60,-0.01667304090422705
,,,,,2022-11-30,,,,amount_60,-0.007786204460816546
,,,,,2022-12-30,,,,amount_60,-0.008442711345899937
,,,,,2023-01-31,,,,amount_60,0.02458384723603066
,,,,,2023-02-28,,,,amount_60,0.05422469714872776
,,,,,2023-03-31,,,,amount_60,-0.03505793366958137
,,,,,2023-04-28,,,,amount_60,-0.019341100532962893
,,,,,2023-05-31,,,,amount_60,0.09039890074018032
,,,,,2023-06-30,,,,amount_60,-0.050067810035739145
,,,,,2023-07-31,,,,amount_60,-0.006195193910992336
,,,,,2023-08-31,,,,amount_60,-0.05249476922561067
,,,,,2023-09-28,,,,amount_60,0.025137580020774868
,,,,,2023-10-31,,,,amount_60,-0.008958496168299806
,,,,,2023-11-30,,,,amount_60,-0.05263517680993226
1383.0,-0.05656014177733378,-0.07877933688732112,0.007344882545382596,-0.004751748229058134,2020-01-23,-0.022219195109987343,-0.012096630774440731,fold1,overnight_intraday_ratio_20,
1725.0,0.009597363328254335,-0.008086080686258438,0.04830147064874413,0.026772150158673704,2020-02-28,-0.017683444014512772,-0.021529320490070423,fold1,overnight_intraday_ratio_20,
1857.0,0.07120601376621263,0.06646360278935491,0.09332066738956876,0.0893160767020319,2020-03-31,-0.004742410976857722,-0.004004590687536863,fold1,overnight_intraday_ratio_20,
1409.0,-0.0369831956926793,-0.03129240667258587,-0.01046886961067199,0.013751282114462247,2020-04-30,0.005690789020093429,0.02422015172513424,fold1,overnight_intraday_ratio_20,
1358.0,0.00619148577642088,0.016049212402709945,-0.013787903831708689,-0.006189522901395798,2020-05-29,0.009857726626289066,0.007598380930312891,fold1,overnight_intraday_ratio_20,
1425.0,0.011860820756339298,0.0022010786861205605,0.006872984425515598,0.004112217131580363,2020-06-30,-0.009659742070218738,-0.0027607672939352346,fold1,overnight_intraday_ratio_20,
2085.0,0.12392312908472747,0.09879186922598993,0.15399999824249055,0.13148880962071663,2020-07-31,-0.025131259858737542,-0.022511188621773925,fold1,overnight_intraday_ratio_20,
2058.0,-0.03210946922924628,-0.04324355830312326,0.011984043796222095,-0.0034336123733052504,2020-08-31,-0.011134089073876974,-0.015417656169527345,fold1,overnight_intraday_ratio_20,
1743.0,-0.032509846781176154,-0.04674098062968223,-0.015638637187739786,-0.02737367023992149,2020-09-30,-0.014231133848506078,-0.011735033052181706,fold1,overnight_intraday_ratio_20,
1496.0,0.08116528519582814,0.04257393155839241,0.08633691761780975,0.04931310956136995,2020-10-30,-0.038591353637435724,-0.037023808056439796,fold1,overnight_intraday_ratio_20,
1644.0,-0.005342738964095117,-0.007952594192025231,0.045609926473708436,0.038104452682787664,2020-11-30,-0.0026098552279301144,-0.007505473790920772,fold1,overnight_intraday_ratio_20,
1549.0,-0.006238043466976347,-0.003991255990700611,-0.006886410578159798,-0.001611613470972275,2021-01-29,0.002246787476275736,0.005274797107187522,fold2,overnight_intraday_ratio_20,
1423.0,0.025159406772865364,0.04260503932916321,0.003023363180593238,0.021271816095222263,2021-02-26,0.017445632556297844,0.018248452914629024,fold2,overnight_intraday_ratio_20,
1469.0,0.13073580711939986,0.124954658015359,0.15250768882676427,0.14985558674424798,2021-03-31,-0.005781149104040859,-0.002652102082516289,fold2,overnight_intraday_ratio_20,
1443.0,-0.0371106146305024,-0.016079168433494117,-0.045333437629164586,-0.030057128286520313,2021-04-30,0.021031446197008283,0.015276309342644272,fold2,overnight_intraday_ratio_20,
1510.0,0.04119446488364553,0.06790943012449731,0.062482056481457625,0.08199822640317107,2021-05-31,0.026714965240851776,0.01951616992171345,fold2,overnight_intraday_ratio_20,
1702.0,0.034867714599210634,0.020977056299047423,0.03179909808683955,0.027502942111999107,2021-06-30,-0.01389065830016321,-0.00429615597484044,fold2,overnight_intraday_ratio_20,
1819.0,0.035023856416728914,0.02710519731774246,0.058854814366538895,0.04622374316435223,2021-07-30,-0.007918659098986456,-0.012631071202186664,fold2,overnight_intraday_ratio_20,
1977.0,0.06274579886767101,0.05575840972753694,0.025811921873174774,0.02077422807688652,2021-08-31,-0.006987389140134068,-0.005037693796288253,fold2,overnight_intraday_ratio_20,
2121.0,0.12961786796086447,0.15328739557462712,0.14118165042897352,0.15993059182675565,2021-09-30,0.023669527613762648,0.018748941397782132,fold2,overnight_intraday_ratio_20,
1792.0,0.06073424953642148,0.07419855666855124,0.04482643382285687,0.061397112405629985,2021-10-29,0.01346430713212976,0.016570678582773113,fold2,overnight_intraday_ratio_20,
1976.0,0.044546840962735715,0.027138165900816393,0.015382807531214463,-0.0014527990447704981,2021-11-30,-0.017408675061919322,-0.01683560657598496,fold2,overnight_intraday_ratio_20,
2269.0,0.009319149088505964,0.011991682647390617,0.02062278684853676,0.025656891606354863,2022-01-28,0.0026725335588846533,0.0050341047578181045,fold3,overnight_intraday_ratio_20,
1951.0,-0.04879255808401203,-0.02705853190571963,-0.055885038606598186,-0.04838526321111932,2022-02-28,0.0217340261782924,0.007499775395478865,fold3,overnight_intraday_ratio_20,
2065.0,0.2226890601563339,0.21172806990896054,0.25239888899221524,0.2358194670144746,2022-03-31,-0.010960990247373376,-0.01657942197774065,fold3,overnight_intraday_ratio_20,
1923.0,0.16449295110820178,0.15132581349766758,0.24760149992805267,0.2261448324975621,2022-04-29,-0.013167137610534202,-0.021456667430490572,fold3,overnight_intraday_ratio_20,
1833.0,0.1052172980490801,0.09126287540745451,0.09614944069786016,0.08970681277374334,2022-05-31,-0.013954422641625594,-0.006442627924116817,fold3,overnight_intraday_ratio_20,
2161.0,-0.21712126089916572,-0.22438773809499307,-0.16409293834924576,-0.18157341881823164,2022-06-30,-0.007266477195827348,-0.01748048046898587,fold3,overnight_intraday_ratio_20,
2167.0,0.054205492725580305,0.05991070815650744,0.04180521060086617,0.03676615308673,2022-07-29,0.005705215430927134,-0.005039057514136171,fold3,overnight_intraday_ratio_20,
2199.0,-0.013900931706686992,-0.005491560072330557,0.02999341291739902,0.011573477846911755,2022-08-31,0.008409371634356434,-0.018419935070487264,fold3,overnight_intraday_ratio_20,
1872.0,0.15000205701731478,0.14599013740477035,0.17964633896201296,0.18491938217376255,2022-09-30,-0.0040119196125444345,0.005273043211749595,fold3,overnight_intraday_ratio_20,
1688.0,0.03469604520080074,0.05009060669221276,0.06050483508882846,0.07094974734628241,2022-10-31,0.015394561491412023,0.010444912257453955,fold3,overnight_intraday_ratio_20,
2117.0,0.09428078435265892,0.09887219275950641,0.11625674105116726,0.11330547009465394,2022-11-30,0.004591408406847491,-0.002951270956513319,fold3,overnight_intraday_ratio_20,
1715.0,0.037494743582206655,0.02692886992627846,0.03996019256707863,0.04087682537777306,2023-01-31,-0.010565873655928194,0.0009166328106944288,fold4,overnight_intraday_ratio_20,
2135.0,-0.11865531618150317,-0.13707094893219204,-0.08952444728408479,-0.10413118433078165,2023-02-28,-0.018415632750688873,-0.014606737046696863,fold4,overnight_intraday_ratio_20,
2004.0,-0.002763057128376649,0.0060441921928636065,0.02553456688559175,0.030551228434779712,2023-03-31,0.008807249321240256,0.005016661549187961,fold4,overnight_intraday_ratio_20,
2105.0,0.05603002673583676,0.052963108287720446,0.05534909500004731,0.05045054844810454,2023-04-28,-0.0030669184481163167,-0.004898546551942773,fold4,overnight_intraday_ratio_20,
2000.0,-0.01702994362194987,-0.024160196948396245,-0.010559278614987202,-0.024116827114464022,2023-05-31,-0.0071302533264463765,-0.01355754849947682,fold4,overnight_intraday_ratio_20,
1953.0,0.15347899391127479,0.1753339250209046,0.1539298023585961,0.17436854231320978,2023-06-30,0.021854931109629827,0.020438739954613677,fold4,overnight_intraday_ratio_20,
2029.0,-0.049908930607574224,-0.05858692031908729,-0.04214551436147122,-0.04036959353008045,2023-07-31,-0.008677989711513068,0.001775920831390776,fold4,overnight_intraday_ratio_20,
1850.0,0.16376637619301876,0.14540194833199113,0.15762183310691047,0.14872546894689212,2023-08-31,-0.018364427861027627,-0.00889636416001835,fold4,overnight_intraday_ratio_20,
1783.0,0.06176964541812974,0.04781995134070155,0.06046173581254537,0.04703672687306103,2023-09-28,-0.013949694077428187,-0.01342500893948434,fold4,overnight_intraday_ratio_20,
1781.0,-0.02537504180401288,-0.01989932761389817,-0.060463005666701396,-0.04968779762312219,2023-10-31,0.005475714190114712,0.010775208043579204,fold4,overnight_intraday_ratio_20,
2040.0,0.14542940168076968,0.11099289130694893,0.1419804655811185,0.11580057875807166,2023-11-30,-0.03443651037382074,-0.026179886823046825,fold4,overnight_intraday_ratio_20,
,,,,,2018-01-31,,,,overnight_intraday_ratio_20,-0.03178854447093219
,,,,,2018-02-28,,,,overnight_intraday_ratio_20,-0.12443903183254464
,,,,,2018-03-30,,,,overnight_intraday_ratio_20,0.0017514370675213568
,,,,,2018-04-27,,,,overnight_intraday_ratio_20,-0.025688498785899343
,,,,,2018-05-31,,,,overnight_intraday_ratio_20,0.016076045022471463
,,,,,2018-06-29,,,,overnight_intraday_ratio_20,0.05314799537358599
,,,,,2018-07-31,,,,overnight_intraday_ratio_20,-0.04029958249856725
,,,,,2018-08-31,,,,overnight_intraday_ratio_20,0.014957535368464257
,,,,,2018-09-28,,,,overnight_intraday_ratio_20,-0.030870343213098866
,,,,,2018-10-31,,,,overnight_intraday_ratio_20,-0.04877280596139832
,,,,,2018-11-30,,,,overnight_intraday_ratio_20,0.05159812920239342
,,,,,2018-12-28,,,,overnight_intraday_ratio_20,-0.010130050967011372
,,,,,2019-01-31,,,,overnight_intraday_ratio_20,0.04058057943406918
,,,,,2019-02-28,,,,overnight_intraday_ratio_20,0.001954315922100843
,,,,,2019-03-29,,,,overnight_intraday_ratio_20,-0.047152333036527126
,,,,,2019-04-30,,,,overnight_intraday_ratio_20,0.01481694463140897
,,,,,2019-05-31,,,,overnight_intraday_ratio_20,0.026411066618776152
,,,,,2019-06-28,,,,overnight_intraday_ratio_20,-0.03761205819365426
,,,,,2019-07-31,,,,overnight_intraday_ratio_20,-0.07581618096228697
,,,,,2019-08-30,,,,overnight_intraday_ratio_20,0.03412848717497349
,,,,,2019-09-30,,,,overnight_intraday_ratio_20,-0.08929033895448059
,,,,,2019-10-31,,,,overnight_intraday_ratio_20,-0.005102776517924958
,,,,,2019-11-29,,,,overnight_intraday_ratio_20,-0.005359294500420423
,,,,,2019-12-31,,,,overnight_intraday_ratio_20,-0.0339451548888769
,,,,,2020-01-23,,,,overnight_intraday_ratio_20,-0.034867625407627195
,,,,,2020-02-28,,,,overnight_intraday_ratio_20,0.028560641861919575
,,,,,2020-03-31,,,,overnight_intraday_ratio_20,0.007621480616578882
,,,,,2020-04-30,,,,overnight_intraday_ratio_20,0.039487707787321
,,,,,2020-05-29,,,,overnight_intraday_ratio_20,0.022512549204491285
,,,,,2020-06-30,,,,overnight_intraday_ratio_20,-0.07615508189506795
,,,,,2020-07-31,,,,overnight_intraday_ratio_20,0.038162336082658864
,,,,,2020-08-31,,,,overnight_intraday_ratio_20,0.03659612174086842
,,,,,2020-09-30,,,,overnight_intraday_ratio_20,0.029984934478550215
,,,,,2020-10-30,,,,overnight_intraday_ratio_20,-0.10684766448034974
,,,,,2020-11-30,,,,overnight_intraday_ratio_20,-0.027464482091683288
,,,,,2020-12-31,,,,overnight_intraday_ratio_20,0.019994347961624404
,,,,,2021-01-29,,,,overnight_intraday_ratio_20,-0.03881776337560423
,,,,,2021-02-26,,,,overnight_intraday_ratio_20,-0.014114531116146314
,,,,,2021-03-31,,,,overnight_intraday_ratio_20,-0.002282562709578027
,,,,,2021-04-30,,,,overnight_intraday_ratio_20,0.04775250342137557
,,,,,2021-05-31,,,,overnight_intraday_ratio_20,0.12163278140389629
,,,,,2021-06-30,,,,overnight_intraday_ratio_20,-0.08934245357195736
,,,,,2021-07-30,,,,overnight_intraday_ratio_20,-0.05588279238776556
,,,,,2021-08-31,,,,overnight_intraday_ratio_20,-0.07123632120750809
,,,,,2021-09-30,,,,overnight_intraday_ratio_20,0.015109479387281908
,,,,,2021-10-29,,,,overnight_intraday_ratio_20,0.0580197539284711
,,,,,2021-11-30,,,,overnight_intraday_ratio_20,-0.09728203010539097
,,,,,2021-12-31,,,,overnight_intraday_ratio_20,-0.016124404816453077
,,,,,2022-01-28,,,,overnight_intraday_ratio_20,-0.11901539652658918
,,,,,2022-02-28,,,,overnight_intraday_ratio_20,-0.019075865191962423
,,,,,2022-03-31,,,,overnight_intraday_ratio_20,-0.05531452615268885
,,,,,2022-04-29,,,,overnight_intraday_ratio_20,0.01005694902724628
,,,,,2022-05-31,,,,overnight_intraday_ratio_20,-0.0037678060578522116
,,,,,2022-06-30,,,,overnight_intraday_ratio_20,-0.01876038021792403
,,,,,2022-07-29,,,,overnight_intraday_ratio_20,-0.04918396465296896
,,,,,2022-08-31,,,,overnight_intraday_ratio_20,0.02023994607327823
,,,,,2022-09-30,,,,overnight_intraday_ratio_20,0.04408671067804541
,,,,,2022-10-31,,,,overnight_intraday_ratio_20,-0.05438646621403587
,,,,,2022-11-30,,,,overnight_intraday_ratio_20,0.023627453344007256
,,,,,2022-12-30,,,,overnight_intraday_ratio_20,0.039940494644545126
,,,,,2023-01-31,,,,overnight_intraday_ratio_20,-0.029094167313045934
,,,,,2023-02-28,,,,overnight_intraday_ratio_20,-0.030792425421558935
,,,,,2023-03-31,,,,overnight_intraday_ratio_20,-0.03855881106952488
,,,,,2023-04-28,,,,overnight_intraday_ratio_20,0.024659499292180292
,,,,,2023-05-31,,,,overnight_intraday_ratio_20,-0.06321275278697353
,,,,,2023-06-30,,,,overnight_intraday_ratio_20,-0.015761223234000046
,,,,,2023-07-31,,,,overnight_intraday_ratio_20,-0.06726235593154513
,,,,,2023-08-31,,,,overnight_intraday_ratio_20,0.012638414888153223
,,,,,2023-09-28,,,,overnight_intraday_ratio_20,0.04973400136564564
,,,,,2023-10-31,,,,overnight_intraday_ratio_20,0.06556795252859773
,,,,,2023-11-30,,,,overnight_intraday_ratio_20,-0.05880070149714348
1383.0,-0.05656014177733378,-0.06417590931031719,0.007344882545382596,0.010398047921923845,2020-01-23,-0.00761576753298341,0.0030531653765412487,fold1,overnight_return_20,
1725.0,0.009597363328254335,-0.0008989682562329493,0.04830147064874413,0.03951477082469902,2020-02-28,-0.010496331584487284,-0.008786699824045105,fold1,overnight_return_20,
1857.0,0.07120601376621263,0.060934321692027976,0.09332066738956876,0.08970436312412486,2020-03-31,-0.010271692074184657,-0.0036163042654439037,fold1,overnight_return_20,
1409.0,-0.0369831956926793,-0.03682196195890364,-0.01046886961067199,-0.009405646657981704,2020-04-30,0.00016123373377566197,0.0010632229526902869,fold1,overnight_return_20,
1358.0,0.00619148577642088,0.0024770433044557206,-0.013787903831708689,0.005321784746893074,2020-05-29,-0.0037144424719651593,0.019109688578601763,fold1,overnight_return_20,
1425.0,0.011860820756339298,-0.01508437691392583,0.006872984425515598,-0.015732643739096507,2020-06-30,-0.026945197670265125,-0.022605628164612104,fold1,overnight_return_20,
2085.0,0.12392312908472747,0.10353369019834593,0.15399999824249055,0.1390763621118167,2020-07-31,-0.020389438886381533,-0.01492363613067385,fold1,overnight_return_20,
2058.0,-0.03210946922924628,-0.05562961934179848,0.011984043796222095,-0.011630596028701569,2020-08-31,-0.023520150112552193,-0.023614639824923664,fold1,overnight_return_20,
1743.0,-0.032509846781176154,-0.03143837958074887,-0.015638637187739786,-0.014642773893493355,2020-09-30,0.0010714672004272854,0.0009958632942464306,fold1,overnight_return_20,
1496.0,0.08116528519582814,0.060428238843504345,0.08633691761780975,0.08036690119711457,2020-10-30,-0.02073704635232379,-0.005970016420695182,fold1,overnight_return_20,
1644.0,-0.005342738964095117,-0.02088208903553215,0.045609926473708436,0.021590241412461644,2020-11-30,-0.015539350071437034,-0.02401968506124679,fold1,overnight_return_20,
1549.0,-0.006238043466976347,-0.00993784118319427,-0.006886410578159798,-0.009533749480652106,2021-01-29,-0.003699797716217923,-0.0026473389024923083,fold2,overnight_return_20,
1423.0,0.025159406772865364,0.04613283644574721,0.003023363180593238,0.026715700551323517,2021-02-26,0.02097342967288185,0.023692337370730277,fold2,overnight_return_20,
1469.0,0.13073580711939986,0.12082784722167471,0.15250768882676427,0.14778177079915358,2021-03-31,-0.009907959897725152,-0.004725918027610687,fold2,overnight_return_20,
1443.0,-0.0371106146305024,-0.03531178773335388,-0.045333437629164586,-0.05579704896021121,2021-04-30,0.0017988268971485186,-0.010463611331046625,fold2,overnight_return_20,
1510.0,0.04119446488364553,0.07710191590404566,0.062482056481457625,0.08618135274429124,2021-05-31,0.03590745102040013,0.023699296262833618,fold2,overnight_return_20,
1702.0,0.034867714599210634,0.026505270760826136,0.03179909808683955,0.02696277451762519,2021-06-30,-0.008362443838384498,-0.004836323569214356,fold2,overnight_return_20,
1819.0,0.035023856416728914,0.034411244488455006,0.058854814366538895,0.0445119455592228,2021-07-30,-0.0006126119282739081,-0.014342868807316098,fold2,overnight_return_20,
1977.0,0.06274579886767101,0.04864318853289008,0.025811921873174774,0.01147376869944617,2021-08-31,-0.014102610334780927,-0.014338153173728604,fold2,overnight_return_20,
2121.0,0.12961786796086447,0.1563706691700809,0.14118165042897352,0.1647446402970575,2021-09-30,0.026752801209216442,0.023562989868083972,fold2,overnight_return_20,
1792.0,0.06073424953642148,0.06817689743786126,0.04482643382285687,0.06779343924956666,2021-10-29,0.007442647901439781,0.022967005426709784,fold2,overnight_return_20,
1976.0,0.044546840962735715,0.050342435357024186,0.015382807531214463,0.0308984295211484,2021-11-30,0.005795594394288471,0.015515621989933937,fold2,overnight_return_20,
2269.0,0.009319149088505964,-0.0015199738226058831,0.02062278684853676,0.02002801907362201,2022-01-28,-0.010839122911111847,-0.0005947677749147499,fold3,overnight_return_20,
1951.0,-0.04879255808401203,-0.030553710900871493,-0.055885038606598186,-0.039048721594839936,2022-02-28,0.01823884718314054,0.01683631701175825,fold3,overnight_return_20,
2065.0,0.2226890601563339,0.22382778032578549,0.25239888899221524,0.2548559513841201,2022-03-31,0.0011387201694515736,0.0024570623919048518,fold3,overnight_return_20,
1923.0,0.16449295110820178,0.17359884209438864,0.24760149992805267,0.2529918879883009,2022-04-29,0.00910589098618686,0.005390388060248247,fold3,overnight_return_20,
1833.0,0.1052172980490801,0.1237450358791724,0.09614944069786016,0.1125982721452023,2022-05-31,0.018527737830092303,0.016448831447342133,fold3,overnight_return_20,
2161.0,-0.21712126089916572,-0.19568382751781918,-0.16409293834924576,-0.15319508009621682,2022-06-30,0.021437433381346543,0.010897858253028941,fold3,overnight_return_20,
2167.0,0.054205492725580305,0.07142941298520974,0.04180521060086617,0.0494484372967809,2022-07-29,0.01722392025962944,0.007643226695914732,fold3,overnight_return_20,
2199.0,-0.013900931706686992,-0.005644327230362343,0.02999341291739902,0.011449490642727975,2022-08-31,0.008256604476324649,-0.018543922274671044,fold3,overnight_return_20,
1872.0,0.15000205701731478,0.17067621114270562,0.17964633896201296,0.1985939995292671,2022-09-30,0.020674154125390837,0.018947660567254138,fold3,overnight_return_20,
1688.0,0.03469604520080074,0.037738489914599486,0.06050483508882846,0.05945574938909059,2022-10-31,0.0030424447137987476,-0.00104908569973787,fold3,overnight_return_20,
2117.0,0.09428078435265892,0.09700774708174593,0.11625674105116726,0.11117274026698039,2022-11-30,0.0027269627290870124,-0.005084000784186873,fold3,overnight_return_20,
1715.0,0.037494743582206655,0.054444566672677525,0.03996019256707863,0.05465181534439055,2023-01-31,0.01694982309047087,0.014691622777311918,fold4,overnight_return_20,
2135.0,-0.11865531618150317,-0.12762048340254872,-0.08952444728408479,-0.09907409521551754,2023-02-28,-0.008965167221045553,-0.009549647931432745,fold4,overnight_return_20,
2004.0,-0.002763057128376649,0.031259900505041315,0.02553456688559175,0.050655499440319225,2023-03-31,0.03402295763341796,0.025120932554727474,fold4,overnight_return_20,
2105.0,0.05603002673583676,0.0636929477061471,0.05534909500004731,0.06298911497211758,2023-04-28,0.007662920970310336,0.007640019972070269,fold4,overnight_return_20,
2000.0,-0.01702994362194987,-0.025282801797036382,-0.010559278614987202,-0.02249678613655193,2023-05-31,-0.008252858175086513,-0.011937507521564729,fold4,overnight_return_20,
1953.0,0.15347899391127479,0.1553716953822512,0.1539298023585961,0.16318264784936104,2023-06-30,0.0018927014709764212,0.009252845490764938,fold4,overnight_return_20,
2029.0,-0.049908930607574224,-0.042150698303289734,-0.04214551436147122,-0.032470680025446466,2023-07-31,0.00775823230428449,0.009674834336024757,fold4,overnight_return_20,
1850.0,0.16376637619301876,0.13945389785900658,0.15762183310691047,0.15449135547697848,2023-08-31,-0.024312478334012178,-0.003130477629931988,fold4,overnight_return_20,
1783.0,0.06176964541812974,0.04951502740603104,0.06046173581254537,0.04326265406746535,2023-09-28,-0.012254618012098699,-0.017199081745080017,fold4,overnight_return_20,
1781.0,-0.02537504180401288,-0.007144204176436653,-0.060463005666701396,-0.042812900592383525,2023-10-31,0.018230837627576227,0.01765010507431787,fold4,overnight_return_20,
2040.0,0.14542940168076968,0.1247585891224626,0.1419804655811185,0.1244725006873953,2023-11-30,-0.020670812558307078,-0.017507964893723194,fold4,overnight_return_20,
,,,,,2018-01-31,,,,overnight_return_20,-0.03178854447093219
,,,,,2018-02-28,,,,overnight_return_20,-0.12443903183254464
,,,,,2018-03-30,,,,overnight_return_20,0.00010584833204198368
,,,,,2018-04-27,,,,overnight_return_20,-0.029665135991474852
,,,,,2018-05-31,,,,overnight_return_20,0.012551207095414232
,,,,,2018-06-29,,,,overnight_return_20,0.05140909536953116
,,,,,2018-07-31,,,,overnight_return_20,-0.037186739805127815
,,,,,2018-08-31,,,,overnight_return_20,0.02169611842525955
,,,,,2018-09-28,,,,overnight_return_20,-0.02961142749510368
,,,,,2018-10-31,,,,overnight_return_20,-0.04657364241711992
,,,,,2018-11-30,,,,overnight_return_20,0.04454266450214086
,,,,,2018-12-28,,,,overnight_return_20,-0.010006169697590002
,,,,,2019-01-31,,,,overnight_return_20,0.042040417314702073
,,,,,2019-02-28,,,,overnight_return_20,0.005977027064591173
,,,,,2019-03-29,,,,overnight_return_20,-0.047846420909075905
,,,,,2019-04-30,,,,overnight_return_20,0.01478368101407877
,,,,,2019-05-31,,,,overnight_return_20,0.028889764720244383
,,,,,2019-06-28,,,,overnight_return_20,-0.03321995580659769
,,,,,2019-07-31,,,,overnight_return_20,-0.0734855694507669
,,,,,2019-08-30,,,,overnight_return_20,0.035855255032731105
,,,,,2019-09-30,,,,overnight_return_20,-0.08971877911920614
,,,,,2019-10-31,,,,overnight_return_20,-0.0065230746053005235
,,,,,2019-11-29,,,,overnight_return_20,-0.004136314908937504
,,,,,2019-12-31,,,,overnight_return_20,-0.045326504673345445
,,,,,2020-01-23,,,,overnight_return_20,-0.037185769810208234
,,,,,2020-02-28,,,,overnight_return_20,0.02858031794441155
,,,,,2020-03-31,,,,overnight_return_20,0.008741953261104376
,,,,,2020-04-30,,,,overnight_return_20,0.0396019923557715
,,,,,2020-05-29,,,,overnight_return_20,0.026111851404173887
,,,,,2020-06-30,,,,overnight_return_20,-0.07622033210803741
,,,,,2020-07-31,,,,overnight_return_20,0.03890576364138961
,,,,,2020-08-31,,,,overnight_return_20,0.03691553486059962
,,,,,2020-09-30,,,,overnight_return_20,0.029006340530386178
,,,,,2020-10-30,,,,overnight_return_20,-0.10764771413860438
,,,,,2020-11-30,,,,overnight_return_20,-0.027688272761333833
,,,,,2020-12-31,,,,overnight_return_20,0.020935422062566704
,,,,,2021-01-29,,,,overnight_return_20,-0.039193492114154564
,,,,,2021-02-26,,,,overnight_return_20,-0.016723348533529518
,,,,,2021-03-31,,,,overnight_return_20,-0.0012840276403813615
,,,,,2021-04-30,,,,overnight_return_20,0.046633868694395314
,,,,,2021-05-31,,,,overnight_return_20,0.12034401030563929
,,,,,2021-06-30,,,,overnight_return_20,-0.08801778898887197
,,,,,2021-07-30,,,,overnight_return_20,-0.0555735347803372
,,,,,2021-08-31,,,,overnight_return_20,-0.07084333420479677
,,,,,2021-09-30,,,,overnight_return_20,0.014462542520477276
,,,,,2021-10-29,,,,overnight_return_20,0.058642009448564736
,,,,,2021-11-30,,,,overnight_return_20,-0.09677105488917953
,,,,,2021-12-31,,,,overnight_return_20,-0.01591374630369882
,,,,,2022-01-28,,,,overnight_return_20,-0.11974251083013329
,,,,,2022-02-28,,,,overnight_return_20,-0.020521248563539103
,,,,,2022-03-31,,,,overnight_return_20,-0.055038132898319395
,,,,,2022-04-29,,,,overnight_return_20,0.008830834973386555
,,,,,2022-05-31,,,,overnight_return_20,-0.00400832668890185
,,,,,2022-06-30,,,,overnight_return_20,-0.018972548887498823
,,,,,2022-07-29,,,,overnight_return_20,-0.04896449542621702
,,,,,2022-08-31,,,,overnight_return_20,0.020409935775732697
,,,,,2022-09-30,,,,overnight_return_20,0.0441666587060571
,,,,,2022-10-31,,,,overnight_return_20,-0.05484164753098095
,,,,,2022-11-30,,,,overnight_return_20,0.023947160033775134
,,,,,2022-12-30,,,,overnight_return_20,0.040271200271830995
,,,,,2023-01-31,,,,overnight_return_20,-0.026168963077986395
,,,,,2023-02-28,,,,overnight_return_20,-0.03128447687275532
,,,,,2023-03-31,,,,overnight_return_20,-0.03783143287801821
,,,,,2023-04-28,,,,overnight_return_20,0.024310408431159513
,,,,,2023-05-31,,,,overnight_return_20,-0.06371390009546445
,,,,,2023-06-30,,,,overnight_return_20,-0.016322472749794932
,,,,,2023-07-31,,,,overnight_return_20,-0.06757552836193002
,,,,,2023-08-31,,,,overnight_return_20,0.013205281495598301
,,,,,2023-09-28,,,,overnight_return_20,0.05051761485389597
,,,,,2023-10-31,,,,overnight_return_20,0.06451222807092873
,,,,,2023-11-30,,,,overnight_return_20,-0.058963647553922416
1383.0,-0.05656014177733378,-0.07845023540754673,0.007344882545382596,-0.015462583520833939,2020-01-23,-0.021890093630212944,-0.022807466066216534,fold1,intraday_return_20,
1725.0,0.009597363328254335,0.01017738650127243,0.04830147064874413,0.05345244906134945,2020-02-28,0.0005800231730180953,0.005150978412605325,fold1,intraday_return_20,
1857.0,0.07120601376621263,0.08162244374821759,0.09332066738956876,0.1059369759987056,2020-03-31,0.010416429982004954,0.012616308609136831,fold1,intraday_return_20,
1409.0,-0.0369831956926793,-0.04661847440754433,-0.01046886961067199,-0.008184619227388269,2020-04-30,-0.009635278714865032,0.0022842503832837223,fold1,intraday_return_20,
1358.0,0.00619148577642088,0.0048187873429141334,-0.013787903831708689,0.0032313453384891773,2020-05-29,-0.0013726984335067464,0.017019249170197866,fold1,intraday_return_20,
1425.0,0.011860820756339298,-0.0019836902243437963,0.006872984425515598,-0.012699707044869602,2020-06-30,-0.013844510980683095,-0.0195726914703852,fold1,intraday_return_20,
2085.0,0.12392312908472747,0.1050880607418294,0.15399999824249055,0.1378029745381054,2020-07-31,-0.018835068342898068,-0.016197023704385166,fold1,intraday_return_20,
2058.0,-0.03210946922924628,-0.032366248548212566,0.011984043796222095,0.005732358279411664,2020-08-31,-0.0002567793189662826,-0.006251685516810431,fold1,intraday_return_20,
1743.0,-0.032509846781176154,-0.033512854465570584,-0.015638637187739786,-0.015289071724345725,2020-09-30,-0.0010030076843944302,0.00034956546339406057,fold1,intraday_return_20,
1496.0,0.08116528519582814,0.06492227814960225,0.08633691761780975,0.07996264802319633,2020-10-30,-0.016243007046225888,-0.006374269594613416,fold1,intraday_return_20,
1644.0,-0.005342738964095117,-0.01225839886081151,0.045609926473708436,0.039677771118532504,2020-11-30,-0.006915659896716394,-0.005932155355175932,fold1,intraday_return_20,
1549.0,-0.006238043466976347,-0.015411222508162693,-0.006886410578159798,-0.024267564662692063,2021-01-29,-0.009173179041186346,-0.017381154084532266,fold2,intraday_return_20,
1423.0,0.025159406772865364,0.04451823384195273,0.003023363180593238,0.022494541196086057,2021-02-26,0.019358827069087363,0.019471178015492818,fold2,intraday_return_20,
1469.0,0.13073580711939986,0.11983179540915036,0.15250768882676427,0.14435592530194394,2021-03-31,-0.010904011710249503,-0.008151763524820332,fold2,intraday_return_20,
1443.0,-0.0371106146305024,-0.016515420899354833,-0.045333437629164586,-0.03426314150537792,2021-04-30,0.020595193731147567,0.011070296123786669,fold2,intraday_return_20,
1510.0,0.04119446488364553,0.062321791391838736,0.062482056481457625,0.07644195641169542,2021-05-31,0.021127326508193205,0.013959899930237794,fold2,intraday_return_20,
1702.0,0.034867714599210634,0.02423198986271183,0.03179909808683955,0.02206881863053768,2021-06-30,-0.010635724736498802,-0.009730279456301866,fold2,intraday_return_20,
1819.0,0.035023856416728914,0.019467056818314312,0.058854814366538895,0.03597448268210385,2021-07-30,-0.015556799598414602,-0.022880331684435047,fold2,intraday_return_20,
1977.0,0.06274579886767101,0.040036802850828584,0.025811921873174774,0.003071957513044274,2021-08-31,-0.022708996016842425,-0.0227399643601305,fold2,intraday_return_20,
2121.0,0.12961786796086447,0.14857890410775593,0.14118165042897352,0.15819815558044914,2021-09-30,0.018961036146891458,0.017016505151475625,fold2,intraday_return_20,
1792.0,0.06073424953642148,0.0560501242814309,0.04482643382285687,0.04762039159131131,2021-10-29,-0.0046841252549905815,0.0027939577684544387,fold2,intraday_return_20,
1976.0,0.044546840962735715,0.023566982552260054,0.015382807531214463,0.008216568234530503,2021-11-30,-0.02097985841047566,-0.00716623929668396,fold2,intraday_return_20,
2269.0,0.009319149088505964,0.016956931196001848,0.02062278684853676,0.026701896618661295,2022-01-28,0.007637782107495885,0.006079109770124536,fold3,intraday_return_20,
1951.0,-0.04879255808401203,-0.03606221520359035,-0.055885038606598186,-0.04547832361224783,2022-02-28,0.012730342880421686,0.010406714994350356,fold3,intraday_return_20,
2065.0,0.2226890601563339,0.2189063067012929,0.25239888899221524,0.24205566254757432,2022-03-31,-0.0037827534550410047,-0.010343226444640918,fold3,intraday_return_20,
1923.0,0.16449295110820178,0.155023866670015,0.24760149992805267,0.22499370339293454,2022-04-29,-0.009469084438186781,-0.02260779653511813,fold3,intraday_return_20,
1833.0,0.1052172980490801,0.11966235406143504,0.09614944069786016,0.10490792410535432,2022-05-31,0.014445056012354934,0.008758483407494161,fold3,intraday_return_20,
2161.0,-0.21712126089916572,-0.21459227043768211,-0.16409293834924576,-0.16475680430634201,2022-06-30,0.00252899046148361,-0.0006638659570962491,fold3,intraday_return_20,
2167.0,0.054205492725580305,0.07675912586034112,0.04180521060086617,0.06466592245121307,2022-07-29,0.02255363313476081,0.022860711850346896,fold3,intraday_return_20,
2199.0,-0.013900931706686992,0.009832030702941627,0.02999341291739902,0.025659610532547106,2022-08-31,0.02373296240962862,-0.004333802384851912,fold3,intraday_return_20,
1872.0,0.15000205701731478,0.15983800893177705,0.17964633896201296,0.18926580555002892,2022-09-30,0.009835951914462265,0.009619466588015962,fold3,intraday_return_20,
1688.0,0.03469604520080074,0.03118931264506156,0.06050483508882846,0.05405291368747681,2022-10-31,-0.003506732555739179,-0.006451921401351646,fold3,intraday_return_20,
2117.0,0.09428078435265892,0.10642307881567215,0.11625674105116726,0.12121898103618413,2022-11-30,0.012142294463013223,0.004962239985016867,fold3,intraday_return_20,
1715.0,0.037494743582206655,0.0657110754550984,0.03996019256707863,0.056950776342985565,2023-01-31,0.028216331872891742,0.016990583775906933,fold4,intraday_return_20,
2135.0,-0.11865531618150317,-0.1294520417734308,-0.08952444728408479,-0.10080547971006774,2023-02-28,-0.010796725591927639,-0.011281032425982954,fold4,intraday_return_20,
2004.0,-0.002763057128376649,0.05004564412407438,0.02553456688559175,0.061540355578873676,2023-03-31,0.05280870125245103,0.03600578869328193,fold4,intraday_return_20,
2105.0,0.05603002673583676,0.07211547492045649,0.05534909500004731,0.07832422033704899,2023-04-28,0.016085448184619724,0.022975125337001676,fold4,intraday_return_20,
2000.0,-0.01702994362194987,-0.012029192086962785,-0.010559278614987202,-0.01420401269018376,2023-05-31,0.005000751534987084,-0.0036447340751965575,fold4,intraday_return_20,
1953.0,0.15347899391127479,0.15246345042510076,0.1539298023585961,0.1579273692986188,2023-06-30,-0.0010155434861740253,0.0039975669400227065,fold4,intraday_return_20,
2029.0,-0.049908930607574224,-0.04857548053232379,-0.04214551436147122,-0.03488776740877361,2023-07-31,0.0013334500752504308,0.007257746952697611,fold4,intraday_return_20,
1850.0,0.16376637619301876,0.15206212620107518,0.15762183310691047,0.15961043575541936,2023-08-31,-0.011704249991943583,0.0019886026485088915,fold4,intraday_return_20,
1783.0,0.06176964541812974,0.05120056632733749,0.06046173581254537,0.04695516187204068,2023-09-28,-0.010569079090792244,-0.013506573940504689,fold4,intraday_return_20,
1781.0,-0.02537504180401288,-0.026114237053704664,-0.060463005666701396,-0.059617600944292026,2023-10-31,-0.0007391952496917827,0.0008454047224093694,fold4,intraday_return_20,
2040.0,0.14542940168076968,0.11588378998919041,0.1419804655811185,0.11293990209008725,2023-11-30,-0.029545611691579265,-0.029040563491031235,fold4,intraday_return_20,
,,,,,2018-01-31,,,,intraday_return_20,-0.07796558801818106
,,,,,2018-02-28,,,,intraday_return_20,0.0014812879179682257
,,,,,2018-03-30,,,,intraday_return_20,0.0013421568502923532
,,,,,2018-04-27,,,,intraday_return_20,0.030343568113690253
,,,,,2018-05-31,,,,intraday_return_20,-0.012004335202640895
,,,,,2018-06-29,,,,intraday_return_20,-0.05041182054057598
,,,,,2018-07-31,,,,intraday_return_20,0.03578910776859733
,,,,,2018-08-31,,,,intraday_return_20,-0.02215951975355183
,,,,,2018-09-28,,,,intraday_return_20,0.029084797103148433
,,,,,2018-10-31,,,,intraday_return_20,0.04558843925142937
,,,,,2018-11-30,,,,intraday_return_20,-0.043882086532416126
,,,,,2018-12-28,,,,intraday_return_20,0.010481176138518325
,,,,,2019-01-31,,,,intraday_return_20,-0.041934420827154394
,,,,,2019-02-28,,,,intraday_return_20,-0.006098041274629887
,,,,,2019-03-29,,,,intraday_return_20,0.04804221011423943
,,,,,2019-04-30,,,,intraday_return_20,-0.015171399164506926
,,,,,2019-05-31,,,,intraday_return_20,-0.02847288057518372
,,,,,2019-06-28,,,,intraday_return_20,0.03383239039668654
,,,,,2019-07-31,,,,intraday_return_20,0.07369348136792804
,,,,,2019-08-30,,,,intraday_return_20,-0.03612679863216181
,,,,,2019-09-30,,,,intraday_return_20,0.09006126263646323
,,,,,2019-10-31,,,,intraday_return_20,0.007403704579984896
,,,,,2019-11-29,,,,intraday_return_20,0.0037744054137615183
,,,,,2019-12-31,,,,intraday_return_20,0.04410525968692483
,,,,,2020-01-23,,,,intraday_return_20,0.03796632235298148
,,,,,2020-02-28,,,,intraday_return_20,-0.02895599057656192
,,,,,2020-03-31,,,,intraday_return_20,-0.008650320811793484
,,,,,2020-04-30,,,,intraday_return_20,-0.03941790018675065
,,,,,2020-05-29,,,,intraday_return_20,-0.02617501669074433
,,,,,2020-06-30,,,,intraday_return_20,0.07640411048564741
,,,,,2020-07-31,,,,intraday_return_20,-0.039113957868143756
,,,,,2020-08-31,,,,intraday_return_20,-0.03684272143927699
,,,,,2020-09-30,,,,intraday_return_20,-0.028665196237267886
,,,,,2020-10-30,,,,intraday_return_20,0.10758228915691896
,,,,,2020-11-30,,,,intraday_return_20,0.02716537122681746
,,,,,2020-12-31,,,,intraday_return_20,-0.02075358569393338
,,,,,2021-01-29,,,,intraday_return_20,0.03942238535695447
,,,,,2021-02-26,,,,intraday_return_20,0.01711337537959858
,,,,,2021-03-31,,,,intraday_return_20,0.001281882115680649
,,,,,2021-04-30,,,,intraday_return_20,-0.046166348772530716
,,,,,2021-05-31,,,,intraday_return_20,-0.11968978025632712
,,,,,2021-06-30,,,,intraday_return_20,0.08861975422065395
,,,,,2021-07-30,,,,intraday_return_20,0.05542833137354803
,,,,,2021-08-31,,,,intraday_return_20,0.07051267488973169
,,,,,2021-09-30,,,,intraday_return_20,-0.014191508332026074
,,,,,2021-10-29,,,,intraday_return_20,-0.0581345529517274
,,,,,2021-11-30,,,,intraday_return_20,0.09657118296323239
,,,,,2021-12-31,,,,intraday_return_20,0.015696311507677852
,,,,,2022-01-28,,,,intraday_return_20,0.11982713217035094
,,,,,2022-02-28,,,,intraday_return_20,0.020549903427579303
,,,,,2022-03-31,,,,intraday_return_20,0.05478453673987984
,,,,,2022-04-29,,,,intraday_return_20,-0.008994775987552363
,,,,,2022-05-31,,,,intraday_return_20,0.003905326018107847
,,,,,2022-06-30,,,,intraday_return_20,0.019303722006123347
,,,,,2022-07-29,,,,intraday_return_20,0.04932528113691251
,,,,,2022-08-31,,,,intraday_return_20,-0.02066270555323632
,,,,,2022-09-30,,,,intraday_return_20,-0.044085834476722645
,,,,,2022-10-31,,,,intraday_return_20,0.05428537297845042
,,,,,2022-11-30,,,,intraday_return_20,-0.02413282516851654
,,,,,2022-12-30,,,,intraday_return_20,-0.04033816101999679
,,,,,2023-01-31,,,,intraday_return_20,0.026241692833297723
,,,,,2023-02-28,,,,intraday_return_20,0.031240506659727992
,,,,,2023-03-31,,,,intraday_return_20,0.037955857698319585
,,,,,2023-04-28,,,,intraday_return_20,-0.024219983424412433
,,,,,2023-05-31,,,,intraday_return_20,0.06377682775791549
,,,,,2023-06-30,,,,intraday_return_20,0.016037295783611502
,,,,,2023-07-31,,,,intraday_return_20,0.06731937020699384
,,,,,2023-08-31,,,,intraday_return_20,-0.013196236142576003
,,,,,2023-09-28,,,,intraday_return_20,-0.05011555510343436
,,,,,2023-10-31,,,,intraday_return_20,-0.06444484769549261
,,,,,2023-11-30,,,,intraday_return_20,0.05932096946132277
