tree
version=v4
num_class=1
num_tree_per_iteration=1
label_index=0
max_feature_idx=176
objective=regression
feature_names=feature_KMID feature_KLEN feature_KMID2 feature_KUP feature_KUP2 feature_KLOW feature_KLOW2 feature_KSFT feature_KSFT2 feature_OPEN0 feature_HIGH0 feature_LOW0 feature_VWAP0 feature_ROC5 feature_ROC10 feature_ROC20 feature_ROC30 feature_ROC60 feature_MA5 feature_MA10 feature_MA20 feature_MA30 feature_MA60 feature_STD5 feature_STD10 feature_STD20 feature_STD30 feature_STD60 feature_BETA5 feature_BETA10 feature_BETA20 feature_BETA30 feature_BETA60 feature_RSQR5 feature_RSQR10 feature_RSQR20 feature_RSQR30 feature_RSQR60 feature_RESI5 feature_RESI10 feature_RESI20 feature_RESI30 feature_RESI60 feature_MAX5 feature_MAX10 feature_MAX20 feature_MAX30 feature_MAX60 feature_MIN5 feature_MIN10 feature_MIN20 feature_MIN30 feature_MIN60 feature_QTLU5 feature_QTLU10 feature_QTLU20 feature_QTLU30 feature_QTLU60 feature_QTLD5 feature_QTLD10 feature_QTLD20 feature_QTLD30 feature_QTLD60 feature_RANK5 feature_RANK10 feature_RANK20 feature_RANK30 feature_RANK60 feature_RSV5 feature_RSV10 feature_RSV20 feature_RSV30 feature_RSV60 feature_IMAX5 feature_IMAX10 feature_IMAX20 feature_IMAX30 feature_IMAX60 feature_IMIN5 feature_IMIN10 feature_IMIN20 feature_IMIN30 feature_IMIN60 feature_IMXD5 feature_IMXD10 feature_IMXD20 feature_IMXD30 feature_IMXD60 feature_CORR5 feature_CORR10 feature_CORR20 feature_CORR30 feature_CORR60 feature_CORD5 feature_CORD10 feature_CORD20 feature_CORD30 feature_CORD60 feature_CNTP5 feature_CNTP10 feature_CNTP20 feature_CNTP30 feature_CNTP60 feature_CNTN5 feature_CNTN10 feature_CNTN20 feature_CNTN30 feature_CNTN60 feature_CNTD5 feature_CNTD10 feature_CNTD20 feature_CNTD30 feature_CNTD60 feature_SUMP5 feature_SUMP10 feature_SUMP20 feature_SUMP30 feature_SUMP60 feature_SUMN5 feature_SUMN10 feature_SUMN20 feature_SUMN30 feature_SUMN60 feature_SUMD5 feature_SUMD10 feature_SUMD20 feature_SUMD30 feature_SUMD60 feature_VMA5 feature_VMA10 feature_VMA20 feature_VMA30 feature_VMA60 feature_VSTD5 feature_VSTD10 feature_VSTD20 feature_VSTD30 feature_VSTD60 feature_WVMA5 feature_WVMA10 feature_WVMA20 feature_WVMA30 feature_WVMA60 feature_VSUMP5 feature_VSUMP10 feature_VSUMP20 feature_VSUMP30 feature_VSUMP60 feature_VSUMN5 feature_VSUMN10 feature_VSUMN20 feature_VSUMN30 feature_VSUMN60 feature_VSUMD5 feature_VSUMD10 feature_VSUMD20 feature_VSUMD30 feature_VSUMD60 amount_20 momentum_60 price_vs_ma20 reversal_20 volatility_20 volume_ratio_20_60 volume_ratio_5_20 pe earnings_yield revenue_growth net_profit_growth roe roa gross_margin net_margin debt_to_asset operating_cash_flow ocf_to_assets ocf_to_net_profit
feature_infos=[-0.18378382921218872:0.23204429447650909] [0:0.2587992250919342] [-1:1] [0:0.17515505850315094] [0:1] [0:0.1814553290605545] [0:1] [-0.21837836503982544:0.2587992250919342] [-1:1] [0.81165915727615356:1.2251656055450439] [1:1.2768211364746094] [0.78991591930389404:1] [0.86167383193969727:1.1553093194961548] [0.50938946008682251:1.8084112405776978] [0.38546353578567505:2.5034608840942383] [0.20094425976276398:3.1202185153961182] [0.18492695689201355:5.7117090225219727] [0.13746649026870728:7.1328182220458984] [0.73912703990936279:1.3500000238418579] [0.58375918865203857:1.6204214096069336] [0.48958152532577515:2.2400727272033691] [0.40701004862785339:2.491147518157959] [0.28582838177680969:3.7705175876617432] [0:0.31421336531639099] [0.00023446726845577359:0.44042909145355225] [0.0005574155948124826:0.84243810176849365] [0.0005574155948124826:1.5140218734741211] [0.0005574155948124826:2.5884873867034912] [-0.18953272700309753:0.11699225753545761] [-0.14318288862705231:0.091486923396587372] [-0.13684648275375366:0.091486923396587372] [-0.153787761926651:0.091486923396587372] [-0.13677342236042023:0.091486923396587372] [0:1] [0:1] [0:1] [2.2261162995574702e-15:1] [8.3690260277435868e-10:1] [-0.11662719398736954:0.098536819219589233] [-0.23734408617019653:0.19709315896034241] [-0.45356476306915283:0.34632593393325806] [-0.59292685985565186:0.92638540267944336] [-1.1882275342941284:1.6086900234222412] [1:1.7841874361038208] [1:2.2531874179840088] [1:3.1650238037109375] [1:5.7535200119018555] [1:9.3708133697509766] [0.50947773456573486:1] [0.34822705388069153:1] [0.19764620065689087:1] [0.18116329610347748:1] [0.079663857817649841:1] [0.86649966239929199:1.6521495580673218] [0.72217452526092529:2.0949892997741699] [0.58081799745559692:3.0763568878173828] [0.47937741875648499:3.5877678394317627] [0.33353924751281738:7.2022075653076172] [0.58712047338485718:1.184606671333313] [0.39663863182067871:1.3228549957275391] [0.22801922261714935:1.6053929328918457] [0.19504037499427795:1.7554135322570801] [0.12582564353942871:2.6131875514984131] [0.20000000298023224:1] [0.10000000149011612:1] [0.05000000074505806:1] [0.033333335071802139:1] [0.01666666753590107:1] [0:1] [0:1] [0:1] [0:1] [0:1] [0.20000000298023224:1] [0.10000000149011612:1] [0.05000000074505806:1] [0.033333335071802139:1] [0.01666666753590107:1] [0.20000000298023224:1] [0.10000000149011612:1] [0.05000000074505806:1] [0.033333335071802139:1] [0.01666666753590107:1] [-0.80000001192092896:0.80000001192092896] [-0.89999997615814209:0.89999997615814209] [-0.94999998807907104:0.94999998807907104] [-0.96666663885116577:0.96666663885116577] [-0.98333334922790527:0.98333334922790527] [-1:1] [-1:1] [-1:1] [-1:1] [-1:1] [-1:1] [-1:1] [-1:1] [-1:1] [-1:1] [0:1] [0:1] [0:0.94999998807907104] [0:0.86666667461395264] [0:0.76666665077209473] [0:1] [0:1] [0:0.94999998807907104] [0:0.86666667461395264] [0:0.83333331346511841] [-1:1] [-1:1] [-0.94999998807907104:0.89999997615814209] [-0.76666665077209473:0.76666665077209473] [-0.75:0.55000001192092896] [0:1] [0:1] [0:1] [0:1] [0:1] [0:1] [0:1] [0:1] [0:1] [0:1] [-1:1] [-1:1] [-1:1] [-1:1] [-1:1] [0.20471267402172089:235.782958984375] [0.10461504012346268:383.34182739257812] [0.075067855417728424:425.7928466796875] [0.056173093616962433:430.86871337890625] [0.033522188663482666:438.94296264648438] [0.00029457567143253982:408.0859375] [0.0027553131803870201:414.00186157226562] [0.0027553131803870201:307.87985229492188] [0.0027553131803870201:262.36935424804688] [0.0027553131803870201:275.11691284179688] [0:2.2360680103302002] [0.018472533673048019:3.0074613094329834] [0.068585917353630066:3.8974208831787109] [0.068585917353630066:4.5948772430419922] [0.068585917353630066:5.3810009956359863] [0:1] [0:1] [0:1] [0:1] [0:1] [0:1] [0:1] [0:1] [0:1] [0:1] [-1:1] [-1:1] [-1:1] [-1:1] [-1:1] [0.00038284839203675346:0.99851190476190477] [0.00022487069934787497:1] [0.00021706099413935315:1] [0.00022351363433169424:1] [0.00021734405564007825:1] [0.00025176233635448137:1] [0.00022168033695411216:1] [0.012345679012345678:1] [0.012345679012345678:1] [0.010638297872340425:1] [0.01098901098901099:1] [0.01282051282051282:1] [0.010416666666666666:1] [0.014285714285714285:1] [0.010638297872340425:1] [0.010638297872340425:1] [0.010638297872340425:1] [0.010752688172043012:1] [0.010638297872340425:1]
tree_sizes=3025 3045 3037 3045 3073 3060 3089 3045 3052 3056 3046 3059 3052 3036 3075 3024 3052 3068 3069 3055 3070 3074 3044 3089 3087 3040 3045 3101 3059 3086 3046

Tree=0
num_leaves=31
num_cat=0
split_feature=1 57 48 100 165 81 81 82 165 82 9 165 49 159 165 17 62 5 44 165 32 82 165 165 1 62 5 159 11 85
split_gain=56.8039 9.64465 15.5173 9.06676 8.75066 8.23049 16.0593 22.3562 13.2535 7.31878 7.08243 7.0633 5.68821 6.49452 5.51034 4.49971 5.61316 6.40466 4.19311 3.88869 4.13769 3.86384 3.33018 3.223 2.77655 2.69361 3.97689 3.46607 2.68508 2.66135
threshold=0.12535332143306735 1.2957590222358706 0.94281196594238292 0.47499999403953558 0.40129870129870138 0.21666666865348819 0.25000000745058065 0.025000001303851608 0.70441595441595461 0.058333335444331176 1.0663143396377566 0.10636363636363638 0.96004116535186779 0.71680729668916754 0.68457101658255237 0.61987018585205089 0.83636361360549938 0.022759639658033851 1.0983616113662722 0.72029411764705886 0.0020473619224503641 0.075000002980232253 0.10487038491751768 0.67924976258309611 0.13785236328840259 0.66415613889694225 0.026472804136574272 0.92752912272833588 0.96463671326637279 -0.22500000149011609
decision_type=2 2 2 2 10 2 2 2 8 2 2 10 2 2 10 8 2 2 2 10 10 2 10 10 2 2 2 2 2 2
left_child=1 5 18 10 24 8 7 11 14 -5 -4 -7 13 15 23 -10 17 -17 21 20 -8 -3 -11 28 -2 26 27 -15 -1 -20
right_child=4 2 3 9 -6 6 19 -9 12 22 -12 -13 -14 25 -16 16 -18 -19 29 -21 -22 -23 -24 -25 -26 -27 -28 -29 -30 -31
leaf_value=0.00026466949192768992 -0.0031098274925657346 0.012605714846088589 0.003139308411916941 0.014627639298921427 4.0745872673397538e-05 -0.011518862571729682 0.0018130631915299884 0.00037742595399696283 -0.0049400254495062541 0.0081885914673820899 0.010078458713238696 0.001442188041868723 0.0020595548763197207 0.010212268615983976 -0.00099790407441163222 0.0085901512677986971 0.0038532430259363517 0.0033654917663996113 0.0011551863549915079 0.0030180265024473425 0.00066728841041287928 0.0025940479724657025 0.0023209009936053541 0.0059214077661343496 -0.0076661471798719254 0.0021532954295972596 0.00072964779643819701 0.0039863557913854646 0.0019965237076182219 -0.0022313349039060557
leaf_weight=2954 485 122 3459 372 646 649 27563 2446 105 850 416 135 5812 379 2174 1911 3223 887 2019 4644 10986 512 365 441 1713 4437 428 621 9097 842
leaf_count=2954 485 122 3459 372 646 649 27563 2446 105 850 416 135 5812 379 2174 1911 3223 887 2019 4644 10986 512 365 441 1713 4437 428 621 9097 842
internal_value=0.00177695 0.00200158 0.00355638 0.00522269 -0.00517694 0.0018244 0.00139796 -0.00200284 0.00243565 0.00841968 0.0038991 -0.00935404 0.00335315 0.00397591 0.00132528 0.0051178 0.00530259 0.00695289 0.000966335 0.00165351 0.00148781 0.00461331 0.00646887 0.00173378 -0.0066862 0.00277431 0.00466731 0.00640197 0.00157606 0.000139993
internal_weight=90693 87849 8957 5462 2844 78892 46423 3230 32469 1587 3875 784 17803 11991 14666 6126 6021 2798 3495 43193 38549 634 1215 12492 2198 5865 1428 1000 12051 2861
internal_count=90693 87849 8957 5462 2844 78892 46423 3230 32469 1587 3875 784 17803 11991 14666 6126 6021 2798 3495 43193 38549 634 1215 12492 2198 5865 1428 1000 12051 2861
is_linear=0
shrinkage=1


Tree=1
num_leaves=31
num_cat=0
split_feature=1 57 39 82 9 116 166 59 82 12 166 77 161 166 152 71 86 25 166 28 161 85 24 5 37 166 38 7 80 102
split_gain=53.7661 8.47737 13.7823 8.44879 9.3227 7.61201 7.10611 6.72479 6.61129 8.99778 10.7475 11.3204 5.7977 4.36324 4.27197 4.12516 4.11284 3.87306 4.13373 3.41057 3.28444 3.28216 2.93769 2.86109 2.68138 3.31898 3.45182 3.41176 2.3774 2.32082
threshold=0.13043481856584552 1.257884204387665 -0.004298826213926076 0.058333335444331176 1.0564128160476687 0.6947641670703889 0.60549943883277224 1.0096209645271303 0.025000001303851608 1.0104984641075136 1.0000000180025095e-35 0.10833333432674409 0.39541065031682687 0.27183188090050842 0.47334541380405432 0.68382307887077343 -0.45000000298023218 0.088821507990360274 0.30068493150684933 -0.040450284257531159 0.5227170834063366 -0.22500000149011609 0.042328258976340301 0.037703869864344604 0.81603989005088817 0.27365296803652978 0.0030651410343125467 -0.0069167688488960257 0.37500000000000006 0.55833333730697643
decision_type=2 2 8 2 2 10 8 2 2 2 10 2 2 10 10 2 2 10 10 8 2 2 8 2 10 10 10 2 2 2
left_child=1 5 3 7 17 8 -2 13 9 29 11 -11 23 -3 -10 24 -4 18 -5 -6 -17 -19 -18 -7 -16 26 -26 -28 -13 -1
right_child=6 2 16 4 19 12 -8 -9 14 10 -12 28 -14 -15 15 20 22 21 -20 -21 -22 -23 -24 -25 25 -27 27 -29 -30 -31
leaf_value=-3.3329943129874754e-05 -0.002016865870788647 0.014031136438433983 0.00095702278452036672 0.005023952086869299 0.0094996180193707199 0.0015855397748666346 -0.0086142117092487206 0.0034437221920352624 -0.0010925358769504144 -0.0010813187413946971 2.6096456205591101e-05 -0.01259081123088931 0.0060217576398570909 -0.0011184797772633224 -0.00011198837735815712 0.00068956986745534249 0.0014985033036789557 0.0013605711259799978 0.00048605571177226482 0.0023431353865480224 0.0030464406242832753 -0.0040541663039151063 -0.0026453987952858079 -0.0035547930386858047 0.0010263572153860841 -0.00057246257247100163 0.010957404735158847 0.0029845903662940225 -0.0049716143847968533 -0.0020213877839529775
leaf_weight=5964 542 395 3672 914 553 3524 1974 455 6924 474 846 592 751 47 40319 11010 537 587 1173 269 1731 519 1871 287 954 1080 221 408 155 1970
leaf_count=5964 542 395 3672 914 553 3524 1974 455 6924 474 846 592 751 47 40319 11010 537 587 1173 269 1731 519 1871 287 954 1080 221 408 155 1970
internal_value=-8.06205e-06 0.00019701 0.00149613 0.00346587 0.00246634 1.13958e-05 -0.00721423 0.00787637 -0.000112372 -0.00130638 -0.00424731 -0.00724677 0.0019929 0.0123084 7.74596e-05 0.000223755 -8.7296e-05 0.00122398 0.00249882 0.0072241 0.00101391 -0.00113654 -0.00170029 0.00118448 -9.32441e-06 0.00152574 0.00298827 0.00587816 -0.0110855 -0.000533455
internal_weight=90718 88202 10992 4912 4015 77210 2516 897 72648 10001 2067 1221 4562 442 62647 55723 6080 3193 2087 822 12741 1106 2408 3811 42982 2663 1583 629 747 7934
internal_count=90718 88202 10992 4912 4015 77210 2516 897 72648 10001 2067 1221 4562 442 62647 55723 6080 3193 2087 822 12741 1106 2408 3811 42982 2663 1583 629 747 7934
is_linear=0
shrinkage=0.05


Tree=2
num_leaves=31
num_cat=0
split_feature=11 89 57 39 82 81 166 62 5 159 117 81 82 165 147 52 59 165 18 124 81 166 82 8 82 16 165 22 39 144
split_gain=43.9828 7.90401 6.51765 12.681 7.29871 7.23699 6.53371 4.87087 5.53907 7.90463 5.62131 4.46393 9.37526 4.24306 4.22996 4.05201 4.03838 3.52785 3.50869 3.6194 3.11125 2.80476 3.37343 4.06802 2.89738 3.01798 2.80299 2.77999 2.66888 2.37109
threshold=0.89296352863311779 0.53139176964759838 1.329002380371094 -0.0037601781077682968 0.058333335444331176 0.21666666865348819 0.27303030303030312 0.81999948620796215 0.030325888656079773 0.82263981124398111 0.61660617589950573 0.25000000745058065 0.025000001303851608 0.38253449527959332 0.49471858143806463 0.71470698714256298 1.0100638866424563 0.15508257174923842 1.1348635554313662 0.36233550310134893 0.18333333730697635 0.97100840336134464 0.025000001303851608 -0.64137935638427723 0.058333335444331176 1.3109498620033266 0.70441595441595461 0.79917684197425853 -0.044861366972327225 0.50578472018241893
decision_type=2 8 2 10 2 2 10 2 2 2 10 2 2 10 10 2 2 10 2 10 2 8 2 2 2 10 8 2 10 10
left_child=13 2 5 4 16 6 7 8 9 -2 -10 12 17 -1 28 20 -4 -7 19 21 26 -17 23 29 25 -24 -3 -11 -6 -23
right_child=1 15 3 -5 14 11 -8 -9 10 27 -12 -13 -14 -15 -16 18 -18 -19 -20 -21 -22 22 24 -25 -26 -27 -28 -29 -30 -31
leaf_value=-0.0080307739319164708 0.0067939775677936624 -0.0017219658134037198 0.014395311427912836 7.5165107809171749e-05 0.0085440418853060061 -0.011690970396757736 0.00010666945042111195 0.0010976668689057106 0.0029627790121083612 0.004462531309450765 -0.0055093240571751825 3.1678276290823232e-05 -0.00050422747338209047 -0.0015252276961340585 0.00058381695057887605 3.1864330986763888e-05 0.0039759429923620186 0.0010363001280046743 0.0067661197645891768 0.0010210910506998311 -0.0023296683566695429 -0.0088065993429677115 0.00092530736127502053 -0.0014722673723140773 -0.00093548165623693008 0.010087902482085487 0.00075344092802657309 -1.0945028836203056e-05 0.0033690924416439499 0
leaf_weight=1821 1638 2163 289 2977 459 317 7747 5460 526 546 310 25096 1193 314 737 15343 161 57 184 5521 4063 380 684 1132 7659 106 2394 891 658 88
leaf_count=1821 1638 2163 289 2977 459 317 7747 5460 526 546 310 25096 1193 314 737 15343 161 57 184 5521 4063 380 684 1132 7659 106 2394 891 658 88
internal_value=-8.00054e-06 0.000162031 0.000586892 0.002248 0.00503258 0.000385335 0.00118788 0.00207628 0.00342908 0.00441046 -0.000121882 -0.000128062 -0.00271663 -0.00709856 0.0036018 -0.000361537 0.0107954 -0.00962033 -9.38941e-05 -0.000136561 -0.00132115 -0.00039027 -0.00103971 -0.00315209 -0.000633438 0.00222913 -0.000410672 0.00165594 0.00554606 -0.00709683
internal_weight=90914 88779 49062 5281 2304 43781 17118 9371 3911 3075 836 26663 1567 2135 1854 39717 450 374 31097 30913 8620 25392 10049 1600 8449 790 4557 1437 1117 468
internal_count=90914 88779 49062 5281 2304 43781 17118 9371 3911 3075 836 26663 1567 2135 1854 39717 450 374 31097 30913 8620 25392 10049 1600 8449 790 4557 1437 1117 468
is_linear=0
shrinkage=0.05


Tree=3
num_leaves=31
num_cat=0
split_feature=1 89 79 16 165 53 32 82 165 17 12 25 165 81 26 87 165 5 52 165 59 24 121 152 161 1 27 124 165 52
split_gain=46.2068 7.38866 6.71716 15.1259 5.99078 5.13061 5.9081 4.97201 5.26573 12.0463 5.47957 4.82714 4.73948 4.94362 4.00872 3.71984 3.39654 3.17491 3.64865 2.949 2.80828 3.15642 2.89674 2.76034 2.42955 2.33173 2.23402 2.31149 2.16642 2.21332
threshold=0.12535332143306735 0.45607632398605352 0.45000000298023229 1.3521531224250796 0.9130401234567902 1.1398835182189944 -0.0028280041879042979 0.025000001303851608 0.92414652857690849 0.86038830876350414 1.0062834024429324 0.10826709121465684 0.10341864018334608 0.21666666865348819 0.17079202085733416 0.87500000000000011 0.66352848101265838 0.040992744266986854 0.74406939744949352 0.70441595441595461 1.1104182004928591 0.080997757613658919 0.2973166704177857 0.49544803798198706 0.070203953563608854 0.14629016071558001 0.14252419769763949 0.1788095757365227 0.70441595441595461 0.69995909929275524
decision_type=2 8 2 10 8 2 10 2 8 8 2 10 10 2 10 2 8 2 2 10 2 10 10 10 2 2 10 8 8 2
left_child=1 2 3 12 -2 19 14 8 -3 10 -10 16 13 17 -7 -15 -5 18 24 -4 21 22 -9 28 -1 -6 27 -25 29 -24
right_child=4 7 5 11 25 6 -8 20 9 -11 -12 -13 -14 15 -16 -17 -18 -19 -20 -21 -22 -23 23 26 -26 -27 -28 -29 -30 -31
leaf_value=0.0011971983954610647 -0.0018706937751160177 -2.4222516080526827e-05 -0.00015178825070043058 0 -0.0049675816259894942 0.0085157396606912183 3.6422103128334876e-05 0.0023729043314601969 -0.0035841392264433013 -0.00065315504260790548 -0.01073076926028467 -0.00063196000062198064 0.00023262467516274642 0.0011623400780960841 -0.0035156911570182374 -0.0045892981624530739 0.012562376572263542 -0.0032682197408659668 0.0019073741360444458 0.0016811669631999118 0.0058519509122289945 -0.0016085036672914049 -0.0027080658009193768 -0.00016459785813927947 0.0058128475443504739 -0.0086966412099696699 0.0018493914877507596 0.001148903046472026 0.00010671423634362717 -0.00065839139062116327
leaf_weight=379 625 2895 22727 61 699 517 683 1302 578 2019 553 96 7191 3523 73 302 458 173 1957 2427 200 3080 1691 13111 1670 1500 2238 4480 6946 6514
leaf_count=379 625 2895 22727 61 699 517 683 1302 578 2019 553 96 7191 3523 73 302 458 173 1957 2427 200 3080 1691 13111 1670 1500 2238 4480 6946 6514
internal_value=-6.86898e-06 0.000194994 0.000671807 0.00148744 -0.0063016 0.000181926 0.00327779 -0.000245495 -0.00158114 -0.0029957 -0.00712903 0.00918036 0.0011722 0.00200996 0.00693907 0.000694075 0.0110892 0.00320196 0.0034946 2.31377e-05 -4.01125e-05 -7.14685e-05 5.7674e-05 -2.71378e-05 0.00498449 -0.0075368 0.000359597 0.000167123 -0.000536571 -0.00108719
internal_weight=90668 87844 42237 15810 2824 26427 1273 45607 6045 3150 1131 615 15195 8004 590 3825 519 4179 4006 25154 39562 39362 36282 34980 2049 2199 19829 17591 15151 8205
internal_count=90668 87844 42237 15810 2824 26427 1273 45607 6045 3150 1131 615 15195 8004 590 3825 519 4179 4006 25154 39562 39362 36282 34980 2049 2199 19829 17591 15151 8205
is_linear=0
shrinkage=0.05


Tree=4
num_leaves=31
num_cat=0
split_feature=1 0 53 79 16 166 25 166 82 17 165 166 60 38 1 165 159 165 32 79 126 37 166 87 27 12 166 12 48 160
split_gain=37.5435 7.94947 6.96494 6.93218 15.2896 8.44703 7.77991 7.57379 7.27409 8.19663 6.82313 6.07139 11.4555 5.46259 6.77899 5.21136 5.12431 4.81407 4.80767 4.78502 4.59485 4.47891 4.29518 4.16823 4.90997 4.03152 3.93801 3.50892 3.45165 2.80459
threshold=0.12111108377575876 -0.071069378405809389 1.1601572632789614 0.45000000298023229 1.3891803026199343 0.28015151515151521 0.089705541729927077 0.3814749780509219 0.025000001303851608 0.77253341674804699 0.38253449527959332 0.36536248561565027 1.0839326381683352 0.0090469610877335089 0.087074499577283873 0.094820205479452066 0.43123774071470172 0.29140295358649798 0.0052932503167539844 0.15000000223517421 0.37457606196403509 0.74493360519409191 0.28483245149911823 0.85833334922790538 0.11213496699929239 1.0052257776260378 0.45269406392694073 0.99679651856422435 0.91016754508018505 0.90933243378536577
decision_type=2 2 2 2 10 10 8 8 2 8 10 10 2 10 2 10 2 10 10 2 10 10 10 2 10 2 8 2 2 2
left_child=1 2 -1 4 5 13 17 11 9 15 -2 22 27 14 20 -9 25 -6 -15 -20 23 28 -5 24 -3 -11 -23 -13 -10 -22
right_child=10 3 -4 7 6 -7 -8 8 21 16 -12 12 -14 18 -16 -17 -18 -19 19 -21 29 26 -24 -25 -26 -27 -28 -29 -30 -31
leaf_value=0.00094922205668021705 -0.0066445334950279893 0.000532102579953744 0.0086476642731758355 0.0016642948128750017 0.012420204596923119 -0.00024670633848991797 -0.0002533546718166627 -0.0092176941023426381 -0.0023479809255792087 -0.0016418464582395528 -0.0012089205382550066 -0.00032336306598107554 0.018058553588707584 0.0019489280101735119 -0.0034949517426665412 -0.0019787115170164845 -0.00022847418241849347 0.00042001596396923038 0.0021413355300545305 0.0095104799435407061 0.0055426617129073945 -0.0020038010312168619 -0.0001464935875172931 -0.0022624592220571193 0.0033196215936630684 -0.0088736975293253629 0.0017691819933468322 0.0048824964335247674 -0.00044748588520908406 0.00057648202181027094
leaf_weight=726 2402 8136 513 4362 497 17744 231 650 2740 476 792 627 127 3034 848 436 2586 111 437 493 881 842 12980 1016 1981 350 3633 633 19822 455
leaf_count=726 2402 8136 513 4362 497 17744 231 650 2740 476 792 627 127 3034 848 436 2586 111 437 493 881 842 12980 1016 1981 350 3633 633 19822 455
internal_value=9.84796e-06 0.000205079 0.00418144 0.000147248 0.000678639 0.000517212 0.00734943 -0.000230917 -0.000704612 -0.00256819 -0.00531314 0.000563994 0.00374923 0.00130446 0.00081413 -0.00636193 -0.00134453 0.0103158 0.00293848 0.0061075 0.00111145 -0.000392645 0.000306157 0.000773153 0.00108314 -0.00477367 0.00104781 0.00225411 -0.000680598 0.00389043
internal_weight=90561 87367 1239 86128 35864 35025 839 50264 31535 4498 3194 18729 1387 17281 13317 1086 3412 608 3964 930 12469 27037 17342 11133 10117 826 4475 1260 22562 1336
internal_count=90561 87367 1239 86128 35864 35025 839 50264 31535 4498 3194 18729 1387 17281 13317 1086 3412 608 3964 930 12469 27037 17342 11133 10117 826 4475 1260 22562 1336
is_linear=0
shrinkage=0.05


Tree=5
num_leaves=31
num_cat=0
split_feature=1 89 79 16 165 39 22 25 82 8 22 165 166 53 27 144 5 165 5 79 165 161 72 166 53 77 116 165 166 9
split_gain=35.5706 6.64552 5.32537 12.0089 4.97203 4.47838 5.80556 4.17347 3.67012 5.60939 4.03715 3.70505 3.46584 3.16424 4.82516 3.15742 2.94033 2.60196 2.2242 2.26755 4.94715 3.78163 2.90555 2.23082 2.22642 2.21535 2.14692 2.02524 2.00405 1.93412
threshold=0.12535332143306735 0.45141318440437322 0.45000000298023229 1.3521531224250796 0.96051948051948066 -0.030521774664521214 1.180948078632355 0.10826709121465684 0.025000001303851608 -0.72414091229438771 1.1122447252273562 0.82691358024691375 0.35968750000000005 1.0876548290252688 0.12363375350832941 0.50578472018241893 0.03923341631889344 0.16774891774891779 0.024495338089764122 0.25000000745058065 0.13837025316455701 0.47125691369619993 0.61350965499877941 0.28483245149911823 1.1793665885925295 0.72499999403953563 0.68303531408309948 0.64475450709627935 0.30068493150684933 1.0663143396377566
decision_type=2 8 2 10 8 10 2 10 2 2 2 8 8 2 10 8 2 10 2 2 10 2 2 8 2 2 10 8 8 2
left_child=1 2 3 12 -2 6 -4 17 9 10 11 -3 -1 14 26 -13 -16 -5 19 20 21 -10 -23 -21 -25 -6 -14 -26 -7 -8
right_child=4 8 5 7 25 28 29 -9 18 -11 -12 15 13 -15 16 -17 -18 -19 -20 23 -22 22 -24 24 27 -27 -28 -29 -30 -31
leaf_value=-0.00010917968358417614 -0.0015702226645809081 -0.0011730726176181227 0.00057394775420308367 0.011611514216694501 -0.0047870579311338245 0.0013629510737796391 0.0031125920633627781 -0.00039646347352075131 0.00085570311185682077 -0.00061402518677898326 0.0026287692830800468 -0.0096944896250113228 0.00087719412005340383 -0.0025886602183904702 0.0043919820720545793 -0.0013882566985906337 -0.0029885369100621528 0.00082403035555110484 -0.0012351958062882008 0.0013761064116415266 -0.0002403473889345496 0.0021534627971127947 0.0066679740799522177 -0.00042113306076423958 -0.002117847632375899 -0.0081789355977627022 0.0033318441257786341 0.0065868323652987573 -0.00021516200574064819 0.0078160684346106971
leaf_weight=4280 654 338 2630 433 1001 2228 599 105 3491 4924 163 520 7324 431 1963 166 136 76 3616 2009 6913 1052 583 21813 86 1184 1039 212 20394 406
leaf_count=4280 654 338 2630 433 1001 2228 599 105 3491 4924 163 520 7324 431 1963 166 136 76 3616 2009 6913 1052 583 21813 86 1184 1039 212 20394 406
internal_value=7.91729e-06 0.000186349 0.000640758 0.00136699 -0.005499 0.000202168 0.00183134 0.00822898 -0.000228928 -0.00136998 -0.00446062 -0.00563936 0.00108549 0.00155945 0.00173535 -0.00776225 0.00388877 0.0101036 -5.23315e-05 6.46064e-05 0.000626084 0.00180414 0.00379688 -0.000213585 -0.000360341 -0.00665081 0.00118849 0.00390884 -5.7473e-05 0.00506829
internal_weight=90769 87930 42044 15787 2839 26257 3635 614 45886 6111 1187 1024 15173 10893 10462 686 2099 509 39775 36159 12039 5126 1635 24120 22111 2185 8363 298 22622 1005
internal_count=90769 87930 42044 15787 2839 26257 3635 614 45886 6111 1187 1024 15173 10893 10462 686 2099 509 39775 36159 12039 5126 1635 24120 22111 2185 8363 298 22622 1005
is_linear=0
shrinkage=0.05


Tree=6
num_leaves=31
num_cat=0
split_feature=11 32 39 166 3 81 81 82 166 158 165 17 165 25 37 101 82 25 5 38 7 74 78 160 16 82 165 71 165 166
split_gain=31.2839 6.6166 7.99331 7.34999 9.95282 5.40967 11.0065 15.1769 7.82023 5.5357 5.04062 4.88321 4.61092 4.48664 4.27748 3.60766 3.42213 3.31401 3.00247 2.98595 2.75632 2.41827 2.34252 2.80003 2.93858 2.24972 2.12774 2.11493 1.94249 2.34785
threshold=0.8845697045326234 -0.0052938591688871375 -0.0037601781077682968 0.92564953012714224 0.02307018265128136 0.21666666865348819 0.25000000745058065 0.025000001303851608 0.30068493150684933 0.48257315371367965 0.10636363636363638 0.78965985774993908 0.70064935064935074 0.10666223987936975 0.77300071716308605 0.35000000894069677 0.058333335444331176 0.085377380251884474 0.021340372040867809 -0.0027010934427380557 0.028017203323543075 0.45000000298023229 0.90000000596046459 0.71027973915079257 0.89575406908988964 0.058333335444331176 0.40129870129870138 0.65880352258682262 0.70441595441595461 0.35968750000000005
decision_type=2 8 10 8 2 2 2 2 10 2 10 10 8 8 10 2 2 10 2 10 2 2 2 2 8 2 10 2 10 10
left_child=26 2 3 -2 15 8 7 10 9 13 -7 19 20 14 27 -5 -17 -6 -16 -8 -10 -11 23 24 -23 -20 -1 -3 29 -13
right_child=1 5 -4 4 17 6 11 -9 12 21 -12 28 -14 -15 18 16 -18 -19 25 -21 -22 22 -24 -25 -26 -27 -28 -29 -30 -31
leaf_value=-0.0072214436043176143 0.00044603456052649186 0.00059161383437449197 0.00011229247497503547 0.0011877137100061996 0.0057942760225725238 -0.011147251788607773 -0.0025506870910169334 -0.0012331103654455865 0.00036560654944091668 -0.00011089954450448834 -0.00013214771294288392 -0.00035246024483214541 -0.0025330661536506044 -0.002738499443022813 0.0074720509043678862 0.011739305612709337 0.0061089451135499205 -0.0027487095417464726 -0.0030892941218693386 -0.00046066512120322174 -0.0014683436233439385 0.0048733583733196455 -0.00030902785666707356 0.00086735824026694028 0.0013116907216486743 0.0044726361703883305 -0.0014086069736689959 0.0037147183056588729 0.0011436919502512209 0.00054113145934663314
leaf_weight=1568 1674 1260 5568 278 147 640 3042 2439 9822 5436 135 22043 2133 320 839 398 1140 470 129 4065 2587 1159 1852 4070 1258 343 200 1016 3770 11012
leaf_count=1568 1674 1260 5568 278 147 640 3042 2439 9822 5436 135 22043 2133 320 839 398 1140 470 129 4065 2587 1159 1852 4070 1258 343 200 1016 3770 11012
internal_value=-8.72982e-06 0.000121519 0.00135604 0.00302962 0.00478577 -2.83511e-05 -0.000370209 -0.00319507 0.000470256 0.0011773 -0.00929557 -0.00016234 -0.000386047 0.00284246 0.0033549 0.00665144 0.00760513 -0.000626358 0.00565053 -0.00136252 -1.27897e-05 0.000701215 0.00123656 0.0016855 0.00304157 0.00229805 -0.00659332 0.00200874 6.79604e-05 -5.32476e-05
internal_weight=90813 89045 9675 4107 2433 79370 47146 3214 32224 17682 775 43932 14542 3907 3587 1816 1538 617 1311 7107 12409 13775 8339 6487 2417 472 1768 2276 36825 33055
internal_count=90813 89045 9675 4107 2433 79370 47146 3214 32224 17682 775 43932 14542 3907 3587 1816 1538 617 1311 7107 12409 13775 8339 6487 2417 472 1768 2276 36825 33055
is_linear=0
shrinkage=0.05


Tree=7
num_leaves=31
num_cat=0
split_feature=1 47 48 166 25 81 81 82 165 158 166 82 165 166 32 0 62 1 25 11 80 40 159 3 74 62 37 38 78 160
split_gain=30.0541 5.37817 8.59214 5.54752 7.35844 5.26535 10.9553 12.8147 8.19128 6.01055 5.03027 4.80971 4.23677 3.80138 3.23077 3.1795 2.91333 5.08811 3.78911 2.85864 2.78752 2.75606 2.63787 2.47358 2.3028 2.23999 2.19453 2.16444 2.06434 2.86305
threshold=0.13785236328840259 1.4727565050125124 0.92980691790580761 0.28483245149911823 0.097106881439685835 0.21666666865348819 0.25000000745058065 0.025000001303851608 0.70441595441595461 0.47013879835224393 0.050316455696202543 0.058333335444331176 0.68457101658255237 0.44058823529411767 0.003090322832576931 -0.04037924483418464 0.86194485425949108 0.068254470825195326 0.091671675443649306 0.96681842207908641 0.52500000596046459 -0.012496826704591511 0.78415100422274142 0.024251096881926063 0.35000000894069677 0.61363846063613903 0.75882670283317577 -0.0027010934427380557 0.90000000596046459 0.71027973915079257
decision_type=2 2 2 10 10 2 2 2 8 2 10 2 10 8 10 2 2 2 10 2 2 8 2 2 2 2 10 10 2 2
left_child=1 5 21 4 11 8 7 10 12 16 -7 20 19 -2 -8 -13 17 22 -19 -1 -4 -3 26 -6 -11 -24 -10 -16 29 -26
right_child=13 2 3 -5 23 6 14 -9 9 24 -12 15 -14 -15 27 -17 -18 18 -20 -21 -22 -23 25 -25 28 -27 -28 -29 -30 -31
leaf_value=-0.0013076000747411028 -0.0013441767536529245 -0.0024808334063534201 0.010160494418030148 0.00055629645431396911 0.0018677499467327878 -0.010608997995632025 7.9169350450922717e-05 -0.0013337556747756302 0.0045104962857469167 -0.00019457019885057959 0 0.0067985360595672062 -0.0024711160225282264 -0.006894325316123523 -0.0020110191695129438 0.0022910778329231483 0.0011458932191061701 0.0030262610761170338 -0.0043383708814162978 0.0004227878278499334 0.0024536984259196162 0.00042588161705915336 0.0088445413979466193 -0.0022915543291105677 0.0027427704250313867 -0.00025619173682724013 0.009249322723064092 -0.00033069828691503853 -0.00017372697215592133 0.00072790259852051461
leaf_weight=3263 405 1593 545 3534 1148 643 34010 2375 520 4534 139 559 2109 1723 3337 1518 1421 644 235 8861 174 1620 86 511 3049 261 595 4708 2168 4403
leaf_count=3263 405 1593 545 3534 1148 643 34010 2375 520 4534 139 559 2109 1723 3337 1518 1421 644 235 8861 174 1620 86 511 3049 261 595 4708 2168 4403
internal_value=7.29693e-06 0.000148969 0.00117286 0.00205302 0.00322871 4.89693e-08 -0.000347141 -0.00318806 0.000489863 0.0012019 -0.00874698 0.00479598 -0.000402931 -0.00586264 -0.000132619 0.00353096 0.00298232 0.00407472 0.000997821 -3.88669e-05 0.00837087 -0.00100003 0.00588853 0.000555885 0.000724969 0.00187458 0.00709011 -0.00103406 0.00116353 0.00155926
internal_weight=90691 88563 11202 7989 4455 77361 45212 3157 32149 17916 782 2796 14233 2128 42055 2077 3762 2341 879 12124 719 3213 1462 1659 14154 347 1115 8045 9620 7452
internal_count=90691 88563 11202 7989 4455 77361 45212 3157 32149 17916 782 2796 14233 2128 42055 2077 3762 2341 879 12124 719 3213 1462 1659 14154 347 1115 8045 9620 7452
is_linear=0
shrinkage=0.05


Tree=8
num_leaves=31
num_cat=0
split_feature=11 0 33 38 79 16 165 81 86 17 25 166 82 17 159 12 166 12 165 37 27 159 165 19 5 27 81 166 82 152
split_gain=25.0956 5.5238 5.63601 5.29454 6.17571 14.2932 6.67147 7.00643 5.00206 4.91885 4.62483 4.58251 3.85543 4.48769 5.17354 3.84089 3.36947 8.58511 5.6215 3.27218 3.07565 2.91114 2.89869 2.69667 2.68625 3.15216 2.7448 2.62996 2.51469 2.48927
threshold=0.89296352863311779 -0.071069378405809389 0.77232483029365551 -0.013837577775120733 0.45000000298023229 1.432964622974396 0.13837025316455701 0.21666666865348819 0.35000000894069677 0.72176364064216625 0.095919534564018263 0.39715954875100729 0.025000001303851608 0.81071457266807567 0.9099861747384691 1.0065648555755617 0.35968750000000005 1.0090952515602114 0.66241883116883127 0.76583382487297069 0.12102206796407701 0.30124133041943185 0.38253449527959332 1.0859847068786623 0.040992744266986854 0.10849135741591455 0.18333333730697635 0.45269406392694073 0.025000001303851608 0.50146406888961803
decision_type=2 2 10 10 2 10 10 2 2 10 10 8 2 8 2 2 10 2 10 10 10 2 10 2 2 10 2 8 2 10
left_child=22 2 -2 9 5 6 7 15 20 -3 -7 16 13 14 -13 24 18 -18 -6 29 -9 -15 -1 -19 25 26 -5 -21 -10 -14
right_child=1 3 -4 4 11 10 -8 8 28 -11 -12 12 19 21 -16 -17 17 23 -20 27 -22 -23 -24 -25 -26 -27 -28 -29 -30 -31
leaf_value=-0.0062021622334374913 0.00056906307510645846 -0.0027642341768743094 0.0071295945499032292 0.00095192305694439042 -0.0035713684936834419 0.010584309690184267 -8.2091241233288781e-05 0.00060135181958284861 -0.0052181864738895124 -0.00031139761842554627 0 -0.0072718643787658844 -0.0011370471946953902 -0.0049960436415818809 -0.00044474489835664836 0.0046283570262520002 0.0013984524056569001 0.0068091316358622868 0.0004823964858462428 -0.0018106934541229657 0.0038022448882342034 -0.00017802335220093435 -0.00072717289721861093 0.020744632343978508 -0.0025054078353147721 0.0042229088196857533 0.0053521663160251559 0.0018029829367566018 -0.0008246397881930996 -1.8034399764993959e-05
leaf_weight=1763 821 2726 565 3610 909 484 15596 4410 406 8409 120 708 9113 365 483 1662 2228 99 13828 600 920 2374 305 72 321 1367 401 2797 1868 11134
leaf_count=1763 821 2726 565 3610 909 484 15596 4410 406 8409 120 708 9113 365 483 1662 2228 99 13828 600 920 2374 305 72 321 1367 401 2797 1868 11134
internal_value=2.3091e-05 0.000151047 0.00328271 0.00010055 0.000250486 0.000790991 0.000638542 0.00139286 0.00032076 -0.00091657 0.00840811 -0.000125163 -0.000525103 -0.0019772 -0.00454783 0.00249336 0.000515466 0.00225518 0.000228736 -0.000281554 0.00116384 -0.000839911 -0.00541959 0.0130539 0.00186126 0.00213161 0.00140552 0.00114965 -0.00163299 -0.000524193
internal_weight=90464 88396 1386 87010 75875 31165 30561 14965 7604 11135 604 44710 27574 3930 1191 7361 17136 2399 14737 23644 5330 2739 2068 171 5699 5378 4011 3397 2274 20247
internal_count=90464 88396 1386 87010 75875 31165 30561 14965 7604 11135 604 44710 27574 3930 1191 7361 17136 2399 14737 23644 5330 2739 2068 171 5699 5378 4011 3397 2274 20247
is_linear=0
shrinkage=0.05


Tree=9
num_leaves=31
num_cat=0
split_feature=11 89 32 28 81 101 32 82 58 166 81 158 82 92 62 38 9 114 166 38 17 159 28 55 159 11 17 165 80 84
split_gain=22.8301 5.33649 3.76429 4.75951 4.17817 3.23167 3.15527 3.14698 3.31696 2.97357 2.8344 2.76804 3.42937 2.73473 2.60878 3.35175 2.56065 2.64347 2.42908 3.19689 2.93901 2.4108 2.372 2.32883 2.31318 3.60221 2.50121 2.26117 2.21934 2.18775
threshold=0.89296352863311779 0.49460037052631384 -0.0052938591688871375 0.0010265924502164128 0.21666666865348819 0.35000000894069677 0.0029127235757187013 0.075000002980232253 1.0396189093589785 0.27303030303030312 0.18333333730697635 0.44895911029087326 0.025000001303851608 0.45575453341007238 0.81999948620796215 -0.014540392905473707 1.0663143396377566 0.71746617555618297 0.025158227848101272 0.0076568480581045159 0.80296927690505993 0.83139564006591404 -0.037519292905926697 1.0870872139930727 0.82263981124398111 0.98047679662704479 0.57327190041542064 0.38253449527959332 0.37500000000000006 0.25000000745058065
decision_type=2 8 10 10 2 2 8 2 2 10 2 2 2 10 2 10 2 8 10 10 8 2 8 2 2 2 8 10 2 2
left_child=27 2 3 5 9 -2 16 23 -9 14 -8 12 28 21 15 -4 17 18 19 20 -3 -12 -18 -7 25 26 -17 -1 -6 -22
right_child=1 6 4 -5 11 7 10 8 -10 -11 13 -13 -14 -15 -16 24 22 -19 -20 -21 29 -23 -24 -25 -26 -27 -28 -29 -30 -31
leaf_value=-0.0058848444665969592 0 -0.0068445059932596896 -0.00091040633428225411 -0.00037627596949780791 -0.0089336135065348609 0.010628629737720264 -0.00025308979205180204 0.0019025753620604024 0.0067060771969124112 0.00019855601373979014 -0.0058566207833346609 8.3583524344711777e-05 -0.00077418000557016354 -0.0010982520375539869 0.00081181295214838843 -0.0094886895394089028 0.0076759413226365888 0.0010470512712905439 0.00015946929384914714 0.00070920814713765884 -0.0017376968788342818 -0.0017071220680362322 0.00037861585915906936 0.0028879024764749805 0.0015850070164024127 0.0069607800981995654 0.0028947608033633564 -0.00094791367216512368 -0.0014681660387762337 6.1254687288251152e-05
leaf_weight=1769 917 238 548 1886 243 251 7284 2199 446 7100 669 22016 1970 4524 4731 40 206 4548 14080 2470 5229 833 275 195 1282 803 935 296 200 2419
leaf_count=1769 917 238 548 1886 243 251 7284 2199 446 7100 669 22016 1970 4524 4731 40 206 4548 14080 2470 5229 833 275 195 1282 803 935 296 200 2419
internal_value=-5.88707e-06 0.000114802 0.000490499 0.00167178 0.000314569 0.00264783 -0.000285964 0.003421 0.00273367 0.000958687 -0.000924876 -9.04852e-05 -0.00169876 -0.00172843 0.00159978 0.00261864 9.71942e-07 -5.74359e-05 -0.000265082 -0.000847089 -0.00134091 -0.00359127 0.00361705 0.00737012 0.00326707 0.00445021 0.00232629 -0.00520218 -0.00568672 -0.00116223
internal_weight=90602 88537 45762 5894 39868 4008 42775 3091 2645 15439 13310 24429 2413 6026 8339 3608 29465 28984 24436 10356 7886 1502 481 446 3060 1778 975 2065 443 7648
internal_count=90602 88537 45762 5894 39868 4008 42775 3091 2645 15439 13310 24429 2413 6026 8339 3608 29465 28984 24436 10356 7886 1502 481 446 3060 1778 975 2065 443 7648
is_linear=0
shrinkage=0.05


Tree=10
num_leaves=31
num_cat=0
split_feature=1 89 79 46 76 0 166 165 18 27 33 36 17 28 32 5 165 46 50 77 82 80 46 161 28 166 92 8 121 17
split_gain=22.9142 4.90292 3.95045 8.46011 4.77741 3.93788 3.57511 3.4202 3.0348 4.12329 2.92894 2.58454 2.5238 2.45446 2.56221 1.98094 1.9674 1.96193 2.0498 1.87712 1.85489 1.82425 1.655 3.89427 1.59831 1.96377 1.71416 2.36077 1.58684 1.63442
threshold=0.12535332143306735 0.49869064986705786 0.45000000298023229 1.4595353603363039 0.11666667088866235 -0.071069378405809389 0.35968750000000005 0.96051948051948066 1.0488566756248476 0.12363375350832941 0.82045152783393871 0.64589944481849682 0.78707411885261547 -0.007382866693660616 -0.0029109631432220335 0.037703869864344604 0.66241883116883127 1.1103736758232119 0.73637953400611889 0.72499999403953563 0.19166667014360431 0.075000001117587103 1.1062276363372805 0.64562896787225865 -0.016146231442689892 0.39715954875100729 0.37879440188407904 -0.55554887652397145 0.3140340149402619 0.67684727907180797
decision_type=2 8 2 2 2 2 8 8 2 10 10 10 10 10 10 2 10 2 2 2 2 2 2 2 8 10 10 2 10 8
left_child=1 2 3 6 11 10 16 -2 9 28 -4 -5 22 14 -7 20 -1 -15 -19 -9 -11 -16 23 -3 25 -24 27 -26 -8 -30
right_child=7 12 5 4 -6 13 8 19 -10 15 -12 -13 -14 17 21 -17 -18 18 -20 -21 -22 -23 24 -25 26 -27 -28 -29 29 -31
leaf_value=-0.0033235166246345783 -0.0012052598645810604 -0.00064608114313044636 0.0010103962396061509 0.010976016068200381 0 0.0017873372429015569 0.0028505377532657538 -0.0036939468537618824 -0.0024114472453277361 0.0055301561785662708 0.0075835982955583473 0.001571827868835252 -3.6599200482518986e-05 0.00028269468483301999 0.0016414605766114376 -0.0016541001178803996 3.114674790111903e-05 -0.0053958400097688722 -0.00075337399679320082 -0.0067937350872959539 0.0024048785386845627 -0.00016551250994369855 0.00056167076290599587 0.0049979515622557919 -0.0078277123614835763 -0.0028718010677781978 -0.0015297887960050633 -0.002101379715122842 -0.0031116276470242185 0.00089565446350773389
leaf_weight=483 679 4492 443 394 207 3086 1053 1026 511 940 297 106 31610 5910 1672 164 4231 248 8514 1170 1139 8309 1446 326 298 577 2586 545 257 7789
leaf_count=483 679 4492 443 394 207 3086 1053 1026 511 940 297 106 31610 5910 1672 164 4231 248 8514 1170 1139 8309 1446 326 298 577 2586 545 257 7789
internal_value=-1.29449e-05 0.000130624 0.000488812 0.00108572 0.00644909 0.000124974 0.000853446 -0.00440498 0.00131742 0.00149002 0.00372271 0.00908925 -0.000259498 2.70631e-05 0.000527109 0.00341912 -0.000302602 -0.00041488 -0.000891081 -0.00537057 0.00384396 0.000132314 -0.000940617 -0.000252856 -0.00153907 -0.000393855 -0.00219983 -0.00419175 0.00100866 0.000761072
internal_weight=90508 87633 45753 17274 707 28479 16567 2875 11853 11342 740 500 41880 27739 13067 2243 4714 14672 8762 2196 2079 9981 10270 4818 5452 2023 3429 843 9099 8046
internal_count=90508 87633 45753 17274 707 28479 16567 2875 11853 11342 740 500 41880 27739 13067 2243 4714 14672 8762 2196 2079 9981 10270 4818 5452 2023 3429 843 9099 8046
is_linear=0
shrinkage=0.05


Tree=11
num_leaves=31
num_cat=0
split_feature=1 152 16 56 58 81 166 81 82 166 158 165 92 37 165 3 91 48 76 142 79 166 166 165 18 165 12 43 5 79
split_gain=20.7348 4.09683 6.08838 6.91624 4.00805 3.87102 6.69837 6.25756 7.80771 4.14906 4.08862 3.67827 3.13907 3.24066 2.89586 2.7306 2.22163 2.18823 1.89147 2.32431 2.6352 2.2048 3.74153 3.75054 6.41005 2.28815 1.87653 1.83685 1.81047 1.80024
threshold=0.13785236328840259 0.51085945963859569 1.3109498620033266 1.1717621088027956 1.0507264137268069 0.21666666865348819 0.30068493150684933 0.25000000745058065 0.025000001303851608 0.18868670886075953 0.49715998180180593 0.70064935064935074 0.56086713075637828 0.75882670283317577 0.58708333333333351 0.030271901749074463 0.53990569710731517 0.9370703697204591 0.050000002607703216 0.80640169978141796 0.35000000894069677 0.41612554112554118 0.35968750000000005 0.64475450709627935 1.0578640103340151 0.66241883116883127 0.98682862520217907 1.0955862998962405 0.024956103414297107 0.45000000298023229
decision_type=2 10 10 2 2 2 10 2 2 10 2 10 10 10 10 2 8 2 2 10 2 8 10 10 2 10 2 2 2 2
left_child=1 5 4 -4 16 6 10 8 9 -7 12 26 -1 -14 -2 18 -3 -5 19 20 -9 22 25 -24 -25 -20 -8 -17 -15 -23
right_child=14 2 3 17 -6 7 11 15 -10 -11 -12 -13 13 28 -16 27 -18 -19 21 -21 -22 29 23 24 -26 -27 -28 -29 -30 -31
leaf_value=0.0010613848785203518 -0.0056764153184730593 0.00074928526283599627 0.0080181678237437812 -0.00041089554312144413 0.0052082108135196765 -0.0099643463365320581 -0.0016012406658537839 0.011948666255450761 -0.0012126288635026989 0 0.00062721600906445068 -0.0025976062475561246 0.0020173129947302737 0.0079451683927948599 -0.00048884435498451617 -0.0005527375370213951 -0.00023942879867638032 0.0028627108780975852 -0.0031017737840381828 0.0006619523126832899 -0.00047064023609790542 1.0178495610532381e-05 0.00065660524303920052 0.0031741098821395728 0.018229399703408557 -1.1393025594361054e-06 0.00017858923438504313 -0.0029528627979181392 0.0020410145651767382 -0.001079315408835292
leaf_weight=1655 1793 12288 535 796 423 477 1785 98 1811 130 10474 1770 886 594 342 1895 10463 1310 643 3586 62 6190 1947 726 80 8253 8534 1461 199 9430
leaf_count=1655 1793 12288 535 796 423 477 1785 98 1811 130 10474 1770 886 594 342 1895 10463 1310 643 3586 62 6190 1947 726 80 8253 8534 1461 199 9430
internal_value=-1.02876e-06 0.000115906 0.000646271 0.00292327 0.000384503 -0.000101715 0.00036554 -0.000431992 -0.00289205 -0.00781016 0.00111903 -0.000490977 0.00264845 0.00418151 -0.00486946 -0.000257393 0.000292396 0.00160206 -0.000109042 0.000941471 0.00685259 -0.000255216 0.000262342 0.00187481 0.00475113 -0.000231195 -0.000124569 -0.00161307 0.00653095 -0.00064439
internal_weight=90636 88501 25815 2641 23174 62686 25897 36789 2418 607 13808 12089 3334 1679 2135 34371 22751 2106 31015 3746 160 27269 11649 2753 806 8896 10319 3356 793 15620
internal_count=90636 88501 25815 2641 23174 62686 25897 36789 2418 607 13808 12089 3334 1679 2135 34371 22751 2106 31015 3746 160 27269 11649 2753 806 8896 10319 3356 793 15620
is_linear=0
shrinkage=0.05


Tree=12
num_leaves=31
num_cat=0
split_feature=1 89 79 16 76 81 0 82 166 25 166 53 166 80 80 166 163 121 18 82 80 12 52 161 31 79 1 38 28 166
split_gain=19.6837 4.32497 3.85926 8.0278 3.20501 3.00565 2.96664 2.8348 2.75732 2.38775 2.26743 2.22057 2.15911 2.12505 3.44172 4.57118 2.3929 2.20302 2.08805 2.00966 4.32611 4.60889 1.89027 1.7931 1.80076 1.77948 1.72173 1.72043 1.71833 2.47348
threshold=0.12111108377575876 0.49869064986705786 0.45000000298023229 1.3521531224250796 0.11666667088866235 0.21666666865348819 -0.071069378405809389 0.4083333313465119 0.34641025641025647 0.084571886807680144 0.30068493150684933 1.1601572632789614 0.33122362869198319 0.37500000000000006 0.62500000000000011 0.075378787878787892 0.57719536233150193 0.29238411784172064 1.1198952198028567 0.025000001303851608 0.27500000596046453 1.0062834024429324 0.73601573705673229 0.03662642485159693 -0.0053260538261383763 0.15000000223517421 0.079190649092197432 -0.00048581279406789685 -0.0084847966209053976 0.30873275236020342
decision_type=2 8 2 10 2 2 2 2 8 8 8 2 10 2 2 10 2 8 2 2 2 2 2 2 8 2 2 10 8 10
left_child=1 2 3 5 12 8 11 13 -1 -2 -8 -4 -5 17 15 16 -15 -3 -9 20 -19 -22 25 -11 -25 26 -10 -27 -12 -30
right_child=9 7 6 4 -6 -7 10 18 22 23 28 -13 -14 14 -16 -17 -18 19 -20 -21 21 -23 -24 24 -26 27 -28 -29 29 -31
leaf_value=-0.00044699869928958792 -0.0015069397680383106 0.0012639580725444688 0.00062087728605398588 0.0095519280258579073 -5.662527025626994e-05 0.0002198328890973086 0.0014370116106766744 0.00022018288461526223 0.0024776022467233108 -0.0017609702062846338 0.00034898991679930879 0.006400521766425929 0 0.0047340755898830494 -0.00068979048755208987 -0.00029030664219053046 0.00081339992254193067 -0.0011110177967799209 0.0053251586468689438 -0.00078712007426665173 -0.0016031268618383406 -0.0093727965079207151 0.0011209259662936237 -0.0027370015033320351 -0.0064236400325729864 0.0019768880495407803 -0.0016315118407778516 0.0055074571705538318 -0.0010986022826047685 0.00022706092543672607
leaf_weight=1340 839 1023 390 449 131 8951 2592 15853 1267 461 11021 320 63 979 7149 2286 704 2265 203 10634 413 387 3102 516 1341 637 303 934 7571 6477
leaf_count=1340 839 1023 390 449 131 8951 2592 15853 1267 461 11021 320 63 979 7149 2286 704 2265 203 10634 413 387 3102 516 1341 637 303 934 7571 6477
internal_value=-5.193e-06 0.000134307 0.000471911 0.00106373 0.0065522 0.000846876 0.000111813 -0.000231535 0.00158032 -0.00388377 2.80176e-05 0.00330145 0.00833742 -0.000556392 -2.9957e-05 0.00114582 0.0031252 -0.000950529 0.000288168 -0.00111963 -0.00225633 -0.00543114 0.00202348 -0.00472148 -0.00542818 0.00289826 0.00165221 0.00410988 -0.000115722 -0.000483858
internal_weight=90601 87444 45548 17177 643 16534 28371 41896 7583 3157 27661 710 512 25840 11118 3969 1683 14722 16056 13699 3065 800 6243 2318 1857 3141 1570 1571 25069 14048
internal_count=90601 87444 45548 17177 643 16534 28371 41896 7583 3157 27661 710 512 25840 11118 3969 1683 14722 16056 13699 3065 800 6243 2318 1857 3141 1570 1571 25069 14048
is_linear=0
shrinkage=0.05


Tree=13
num_leaves=31
num_cat=0
split_feature=1 126 77 53 16 29 165 82 166 0 152 159 166 79 5 165 27 79 37 166 25 38 17 159 144 52 80 24 26 158
split_gain=17.0445 4.07188 4.74347 4.70266 3.98165 7.43771 4.34113 3.81491 15.6164 5.61362 3.25279 3.03739 2.98599 2.91165 3.5454 4.22211 4.76299 2.67963 2.65159 3.4454 2.528 2.17589 2.11557 2.30622 1.96377 1.94733 1.83416 1.80039 1.6915 1.63984
threshold=0.12111108377575876 0.41833338141441351 0.35833333432674414 1.1905371546745303 1.2892321944236758 -0.0061612515710294238 0.87662776932183328 0.025000001303851608 0.025158227848101272 -0.015945273451507088 0.47334541380405432 0.48629814251874198 0.44058823529411767 0.25000000745058065 0.022759639658033851 0.93066570535928872 0.10713429003953935 0.15000000223517421 0.80527833104133617 0.27365296803652978 0.097106881439685835 0.0078184613958001154 0.6418328881263734 0.76708097014101917 0.5321885645389558 0.89793416857719432 0.075000001117587103 0.048519620671868331 0.17079202085733416 0.80372922689744108
decision_type=2 10 2 2 10 8 8 2 10 2 10 2 8 2 2 8 10 2 10 10 10 10 8 2 10 2 2 10 10 2
left_child=1 2 3 4 26 25 -7 8 9 24 -9 -3 -2 14 15 -12 -17 -18 -15 29 -8 -19 -11 -24 -4 -6 -1 -14 -5 -20
right_child=12 11 7 28 5 6 20 10 -10 22 13 -13 27 18 -16 16 17 21 19 -21 -22 -23 23 -25 -26 -27 -28 -29 -30 -31
leaf_value=0.0011625122749365981 -0.00065436978093328377 0.0057025746973525526 -0.0092654651235389626 0.0065476151548753414 -0.0018486868589481838 0.00086654622231013704 0.0090689249928321888 -0.0011229213620202454 0.00050341940312949697 -0.007530295038643638 0.00010795066046203006 0.0012335372785854202 -0.00017128208419308068 -0.00029850016857659061 -0.0016304072830462526 0.0013468068619074481 0.0028809436463760208 0.0048206320608034734 0.004167292085052501 -0.00070855159537623982 0 0.012486814399540582 -0.0042584437624156738 -5.5675328924443256e-05 -0.0012891883928908632 0.0014939345568390787 0.00010129923163629781 -0.0048415200222828138 -0.0028951053624041382 0.00025915922631384648
leaf_weight=5007 724 447 646 425 641 344 607 6195 4048 218 5071 2982 252 26841 1312 3752 587 249 983 1045 91 188 643 712 105 1322 22550 2238 45 408
leaf_count=5007 724 447 646 425 641 344 607 6195 4048 218 5071 2982 252 26841 1312 3752 587 249 983 1045 91 188 643 712 105 1322 22550 2238 45 408
internal_value=1.09734e-05 0.000142948 7.3404e-05 0.000564782 0.000486561 0.00221707 0.00563269 -0.000213348 -0.00136111 -0.00462911 -5.54119e-05 0.00183219 -0.00356389 0.000106923 0.00079485 0.0011232 0.00219044 0.00522845 -0.000153592 0.00142202 0.00790549 0.0082538 -0.00287882 -0.00208859 -0.00821996 0.000376588 0.000295967 -0.0043892 0.00553314 0.00305791
internal_weight=90678 87464 84035 31032 30562 3005 1042 53003 6372 2324 46631 3429 3214 40436 11159 9847 4776 1024 29277 2436 698 437 1573 1355 751 1963 27557 2490 470 1391
internal_count=90678 87464 84035 31032 30562 3005 1042 53003 6372 2324 46631 3429 3214 40436 11159 9847 4776 1024 29277 2436 698 437 1573 1355 751 1963 27557 2490 470 1391
is_linear=0
shrinkage=0.05


Tree=14
num_leaves=31
num_cat=0
split_feature=1 90 82 166 166 116 40 79 16 25 39 166 166 27 87 82 80 26 59 1 161 92 17 165 82 165 166 50 23 142
split_gain=16.4037 3.62961 2.68632 2.52079 4.3189 2.56143 2.34722 2.28802 7.37823 3.35289 2.35793 2.38371 2.27198 2.34175 3.43688 3.00841 2.20751 2.19009 2.1224 2.10028 2.09842 2.01135 5.12948 3.31069 3.10673 1.79628 1.79111 1.66591 1.54875 1.54329
threshold=0.13785236328840259 0.39904147386550909 0.4083333313465119 0.28483245149911823 0.30873275236020342 0.6947641670703889 0.011759508401155474 0.45000000298023229 1.4102833271026614 0.083759758621454253 -0.032614514231681817 0.28483245149911823 0.9261982570806101 0.09832534566521646 0.90833333134651195 0.15833333879709247 0.82500001788139354 0.17536830157041552 1.098625719547272 0.087074499577283873 0.14877445033678791 0.37424072623252874 0.85368505120277416 0.10063291139240509 0.025000001303851608 0.074350469872857941 0.46449435938759071 0.88857281208038341 0.047521611675620086 1.2208796143531802
decision_type=2 8 2 8 8 10 10 2 10 10 10 10 8 10 2 2 2 10 2 2 2 10 8 10 2 10 8 2 8 10
left_child=1 7 3 -3 16 6 21 8 12 -10 11 17 -1 -14 15 -15 -5 -9 -4 20 -7 22 23 24 -6 -2 -12 29 -17 -28
right_child=25 2 18 4 5 19 -8 10 9 -11 26 -13 13 14 -16 28 -18 -19 -20 -21 -22 -23 -24 -25 -26 -27 27 -29 -30 -31
leaf_value=0.00017608920398062624 -0.004992603622335081 0.00099460358597936306 0.00027114722955592696 -0.0035474839784524637 -0.0084131036913114906 0.00053170384701595392 0.00024654924432399418 0.0034466274762589193 0.0091685125631035726 0.00024247934939921833 0.00051897964810557618 -0.00025322390103276713 0.00069809299017721234 0.0054776670939047133 -0.0041068679986041119 0.0024749684919888222 -0.00019144571115260595 -0.0030237770715115511 0.0049578636678359739 -0.0014301985537784586 0.0046534549848664657 -0.00047776050279903334 -0.00047903868336025211 -0.00043521080705313851 -0.0028438856710238779 -0.0011534916716577162 -0.0025667485402412621 -9.1632766406344929e-05 -0.0023553286064837372 0.00019714386904452733
leaf_weight=6578 1752 2995 20355 1688 515 681 8132 1421 397 159 8600 979 3181 958 156 806 736 135 245 433 616 15560 3108 477 562 413 1532 6795 198 705
leaf_count=6578 1752 2995 20355 1688 515 681 8132 1421 397 159 8600 979 3181 958 156 806 736 135 245 433 616 15560 3108 477 562 413 1532 6795 198 705
internal_value=1.42231e-05 0.000119747 -0.000123336 -0.000387527 -0.000516429 -0.000350865 -0.000466192 0.000539605 0.00107404 0.00671071 0.00020761 0.00163317 0.000805415 0.00157702 0.00287253 0.00345475 -0.00254961 0.00285155 0.000329552 0.00150959 0.0025299 -0.000755282 -0.00167052 -0.00401949 -0.00555869 -0.0042842 0 -0.000489137 0.00147123 -0.00167366
internal_weight=90868 88703 56103 35503 32508 30084 28354 32600 12433 556 20167 2535 11877 5299 2118 1962 2424 1556 20600 1730 1297 20222 4662 1554 1077 2165 17632 9032 1004 2237
internal_count=90868 88703 56103 35503 32508 30084 28354 32600 12433 556 20167 2535 11877 5299 2118 1962 2424 1556 20600 1730 1297 20222 4662 1554 1077 2165 17632 9032 1004 2237
is_linear=0
shrinkage=0.05


Tree=15
num_leaves=31
num_cat=0
split_feature=11 77 58 82 166 10 166 166 38 12 32 16 29 82 9 126 25 29 38 165 165 80 159 32 139 72 22 32 80 26
split_gain=12.9195 3.6936 4.4956 3.99559 13.5143 5.90014 3.94258 5.96242 5.34833 4.74525 5.03252 3.58536 5.52419 3.64425 2.86179 3.24389 3.20758 2.46523 2.18795 2.1799 2.05707 2.0355 2.034 2.03351 1.9337 1.88185 1.85806 1.85056 1.75922 1.75058
threshold=0.89923262596130382 0.35833333432674414 1.0396189093589785 0.025000001303851608 0.025158227848101272 1.0257754921913149 0.30068493150684933 0.30873275236020342 0.0090469610877335089 1.0025628805160525 0.0058524790219962606 1.2892321944236758 -0.0059378428850322953 0.058333335444331176 1.0000349283218386 0.37457606196403509 0.076026748865842833 -0.0050802733749151221 0.00099014781881123803 0.67924976258309611 0.67974358974358984 0.12500000372529033 0.73530578898225973 0.004874404054135085 0.92440375685691845 0.56504839658737194 1.1431543231010439 0.0046826361212879428 0.37500000000000006 0.17079202085733416
decision_type=2 2 2 2 10 2 10 10 8 2 10 10 8 2 2 10 10 10 10 10 10 2 2 10 10 2 2 10 2 10
left_child=24 2 11 4 5 -3 8 17 14 -10 -11 21 -13 -14 16 18 -5 -8 -16 27 -21 -2 -17 -20 -1 -12 -4 -9 -7 -28
right_child=1 3 26 6 -6 28 7 19 9 10 25 12 13 -15 15 22 -18 -19 23 20 -22 -23 -24 -25 -26 -27 29 -29 -30 -31
leaf_value=-0.0044702618326672222 0.00097527180146551374 -0.0021040535430497925 0.00021037580218994037 -0.00019242588977310749 0.00039742481050301139 -0.0082349553938790756 -0.00058546661503370927 0 0.0010522691229434842 0.0023162891006062703 0 0.00046642224873655205 0.0083159093296215261 0.002121988480390326 -4.5846099086402272e-05 0.0058260851680081239 -0.0027181227265340394 -0.0034863233387966708 0.00093729791819050867 0.0038225145480193928 -0.00014247942153920414 -8.0714938843343315e-06 0.0010168567312675786 0.0051630549874249728 -0.0012190727739868276 0.011116853301496346 0.0056028843212977061 -0.0011596160074218416 -0.0028163290137432082 -0.0029154742698602638
leaf_weight=1763 7013 1443 312 6744 4329 813 1208 15468 5398 782 48 1886 473 534 8119 449 1560 2059 1295 655 606 20683 490 382 682 302 745 4452 223 57
leaf_count=1763 7013 1443 312 6744 4329 813 1208 15468 5398 782 48 1886 473 534 8119 449 1560 2059 1295 655 606 20683 490 382 682 302 745 4452 223 57
internal_value=0 9.89956e-05 0.000531707 -0.000141542 -0.00127794 -0.00422273 1.21606e-05 -0.000440781 0.0004472 0.00168196 0.00463696 0.000416174 0.002093 0.00508631 2.101e-05 0.00056268 -0.000673197 -0.00242952 0.000287835 -0.000131574 0.00187883 0.000239145 0.00337342 0.00193217 -0.0035847 0.00965818 0.00365606 -0.000261437 -0.00712065 0.00493232
internal_weight=90973 88528 31703 56825 6808 2479 50017 24448 25569 6530 1132 30589 2893 1007 19039 10735 8304 3267 9796 21181 1261 27696 939 1677 2445 350 1114 19920 1036 802
internal_count=90973 88528 31703 56825 6808 2479 50017 24448 25569 6530 1132 30589 2893 1007 19039 10735 8304 3267 9796 21181 1261 27696 939 1677 2445 350 1114 19920 1036 802
is_linear=0
shrinkage=0.05


Tree=16
num_leaves=31
num_cat=0
split_feature=1 90 36 59 44 92 17 159 2 165 165 165 17 157 16 45 82 165 165 113 48 158 79 166 43 141 34 160 166 153
split_gain=12.5654 3.29051 3.10843 2.44857 2.43286 2.67082 4.8366 4.58707 4.00835 2.41132 2.36136 6.26816 2.19023 2.17821 2.65312 4.74681 1.73851 1.88332 5.41489 2.78628 1.72185 1.70722 1.66995 2.42872 1.93989 1.73961 1.54597 1.65218 1.51214 1.49317
threshold=0.12535332143306735 0.40323905646801 0.76882353425025951 1.0891822576522829 1.0250301361083987 0.39163847267627722 0.84444344043731701 0.74973751145670764 -0.36131693422794336 0.96051948051948066 0.64475450709627935 0.64815627743634774 0.65373903512954723 -0.015180424321442841 1.2992014884948733 1.1553832292556765 0.50833332538604747 0.64475450709627935 0.64815627743634774 0.35811914503574377 0.93884041905403148 0.23157272661029074 0.45000000298023229 0.36536248561565027 1.17233282327652 0.86714687943458568 0.88829553127288829 0.82830883483797557 0.9261982570806101 0.0068765932228416213
decision_type=2 8 10 2 2 10 8 2 2 8 8 8 10 10 10 2 2 10 10 10 2 2 2 8 2 10 10 2 10 8
left_child=1 13 3 4 26 6 7 8 -6 -2 -5 -12 -9 14 -1 -16 -7 28 19 -19 -17 -4 23 -15 29 -24 -3 -28 -18 -25
right_child=9 2 21 10 5 16 -8 12 -10 -11 11 -13 -14 22 15 20 17 18 -20 -21 -22 -23 25 24 -26 -27 27 -29 -30 -31
leaf_value=0.00072845566554068022 -0.0004936061268984896 0.00034783541039290776 0.004405686063153994 -0.0016743230342077739 -0.010065453717010623 -0.00044195499733728019 -0.00053057607079367501 -0.004526603129014743 -0.0029297853728418441 -0.004023534873708128 0.02483525088912732 0.0029398126357450165 -0.00018196758303555834 -0.00043107711185528418 0.0077227266237008367 -0.00042903997394790538 -0.00024139822901201075 0.016236412198940182 0.00077649189380263491 0.0040354546626601828 0.0029201386281717174 0.00068569174519995241 -0.0017491045204755863 0.0024011124878514818 -0.0028494779941416822 6.0292161884779031e-05 0.0070117263603684081 0.00088347163523912274 0.010018627498195404 0.0005885061263535829
leaf_weight=10516 662 6451 329 180 370 22747 7309 412 480 2218 36 385 1065 2666 389 644 5225 84 2804 141 871 6788 1504 2801 244 10983 186 324 35 2058
leaf_count=10516 662 6451 329 180 370 22747 7309 412 480 2218 36 385 1065 2666 389 644 5225 84 2804 141 871 6788 1504 2801 244 10983 186 324 35 2058
internal_value=1.87257e-05 0.000125617 -0.000108516 -0.000253252 -0.000294248 -0.00044277 -0.00117106 -0.00316021 -0.00610283 -0.00322995 0.00290801 0.004985 -0.00142995 0.000523743 0.00104602 0.00277244 -0.00021501 0.000401727 0.00139643 0.00886341 0.00146414 0.000865276 0.000201002 0.000777586 0.00141879 -0.00015376 0.000566296 0.00322568 -0.000161733 0.00164396
internal_weight=90907 88027 55351 48234 47633 40672 9636 2327 850 2880 601 421 1477 32676 12420 1904 31036 8289 3029 225 1515 7117 20256 7769 5103 12487 6961 510 5260 4859
internal_count=90907 88027 55351 48234 47633 40672 9636 2327 850 2880 601 421 1477 32676 12420 1904 31036 8289 3029 225 1515 7117 20256 7769 5103 12487 6961 510 5260 4859
is_linear=0
shrinkage=0.05


Tree=17
num_leaves=31
num_cat=0
split_feature=1 38 166 53 39 8 37 16 126 159 30 82 8 165 102 112 39 165 42 158 62 166 166 58 165 69 165 142 158 163
split_gain=12.122 3.40953 7.08365 3.86215 3.29698 3.00273 3.41215 3.17973 2.93209 3.34639 2.5927 2.34381 4.46853 2.22664 2.96364 2.07043 1.88606 1.8847 1.87549 2.17647 1.86061 1.8084 7.94193 5.5343 3.06345 2.02806 1.70603 1.62682 1.62036 1.61459
threshold=0.12111108377575876 0.0078184613958001154 0.28483245149911823 1.2239714264869692 0.0015650852583348753 0.16000121086835864 0.72106346487998974 1.3109498620033266 0.39028662443161016 0.48629814251874198 0.015572568867355587 0.025000001303851608 -0.80000177025794972 0.74146412037037046 0.4916666597127915 0.10833333432674409 0.0049984373617917308 0.72783389450056124 0.11903061717748643 0.43443385592304878 0.71301892399787914 0.35968750000000005 0.3687550362610798 1.0345586538314822 0.66241883116883127 0.28219172358512884 0.74146412037037046 0.89387863874435436 0.68225594943955892 0.79439628434381693
decision_type=2 10 10 2 10 2 10 8 10 2 8 2 2 8 2 2 10 10 10 2 2 8 8 2 10 2 8 10 2 2
left_child=1 3 4 8 5 6 7 -3 10 -10 11 12 13 -1 -15 -5 21 -2 19 -14 28 24 23 -23 -13 -24 -22 -27 29 -6
right_child=17 2 -4 15 20 -7 -8 -9 9 -11 -12 16 18 14 -16 -17 -18 -19 -20 -21 26 22 25 -25 -26 27 -28 -29 -30 -31
leaf_value=-0.00063614959120675794 -0.0033313293399291951 0.0013818083465751019 -0.00021561846288316135 0.0056546409725679384 0.0073218084625093771 0.0013208287302206552 0.0073230868623141744 0.0072590720285375318 0.0051791785586733528 0.00064450113157108943 -0.0023484632399820926 -0.0031287569022442571 -0.0030093572392575528 -0.0014029786582151664 -0.0072321315820847165 -0.0027038109876836342 -0.00046730848364376338 0.0014244083775364477 0.004381665189772321 -0.00013264720642147597 0.0020363174153287169 0.003728080236518968 -0.00025686287510289402 0.01858155254607222 -8.4947752644494212e-05 0.0034556672980162726 0.00015341089296964737 0.00055733759954423043 0.0012435716080067599 -0.00034878017225613202
leaf_weight=502 3002 1135 12686 431 287 2313 572 300 494 2519 1363 909 765 397 561 80 15891 208 199 4976 1557 909 10720 69 9501 513 5603 11673 612 74
leaf_count=502 3002 1135 12686 431 287 2313 572 300 494 2519 1363 909 765 397 561 80 15891 208 199 4976 1557 909 10720 69 9501 513 5603 11673 612 74
internal_value=9.47148e-06 0.000120606 0.000612523 -7.65502e-05 0.00146012 0.0025821 0.00400938 0.00264952 -0.000113071 0.00140605 -0.000191589 -0.000139629 -0.000970389 -0.00345163 -0.00487262 0.0042457 -1.61161e-05 -0.00300725 -0.000351628 -0.00052514 0.000857773 0.000191505 0.000432154 0.00484501 -0.00035581 0.000241356 0.000570074 0.000683726 0.00292077 0.0056147
internal_weight=90821 87611 25139 62472 12453 4320 2007 1435 61961 3013 58948 57585 7400 1460 958 511 50185 3210 5940 5741 8133 34294 23884 978 10410 22906 7160 12186 973 361
internal_count=90821 87611 25139 62472 12453 4320 2007 1435 61961 3013 58948 57585 7400 1460 958 511 50185 3210 5940 5741 8133 34294 23884 978 10410 22906 7160 12186 973 361
is_linear=0
shrinkage=0.05


Tree=18
num_leaves=31
num_cat=0
split_feature=12 30 5 116 47 39 100 165 160 27 0 91 166 161 105 166 44 166 166 12 165 137 113 36 34 165 92 80 80 86
split_gain=8.84337 3.66579 3.52196 3.37108 3.54729 4.60374 3.7367 3.78179 3.30734 2.71032 2.63516 2.39158 3.0628 2.30926 2.26887 2.04417 2.12803 2.54801 3.78453 3.59119 3.06641 1.96447 1.94722 1.93205 1.91614 1.88471 1.83203 2.8183 3.66833 1.8224
threshold=0.95583620667457592 0.015572568867355587 0.037703869864344604 0.69080266356468212 1.4727565050125124 -0.0020978971151635046 0.47499999403953558 0.10063291139240509 0.78968055937958892 0.21001902222633365 -0.058425070717930787 0.43382249772548681 0.28483245149911823 0.03662642485159693 0.47499999403953558 0.30873275236020342 1.0223475098609927 0.38313884660916625 0.35968750000000005 1.0094696283340456 0.65648320895522405 0.40616935491561895 0.080875147134065642 0.62709203362464916 0.88474196195602428 0.64475450709627935 0.28029544651508337 0.37500000000000006 0.32500000298023229 -0.58333334326744068
decision_type=2 8 2 10 2 8 2 10 2 8 2 10 8 2 2 8 2 8 10 2 10 10 10 10 8 8 10 2 2 2
left_child=-1 3 9 4 11 6 10 -8 -5 21 -6 -2 -13 -4 -12 -14 24 18 20 -20 -18 -3 -21 26 -17 -23 27 28 -19 -7
right_child=1 2 13 8 5 29 7 -9 -10 -11 14 12 15 -15 -16 16 17 23 19 22 -22 25 -24 -25 -26 -27 -28 -29 -30 -31
leaf_value=-0.0034853544566968535 0.00030386908394771734 -0.0017471388485921628 -4.7169122482753468e-05 0.0037073005274255834 0.0044340428590218103 0.00086584915429648132 0.0051770792349842771 0.00021581790967215334 0.00053658098668449511 -0.0045228680211883516 -0.0035246997875593364 0.00099199735725080413 -0.0016968738437437335 -0.0063240592405979599 0.00087129323082499083 0.00039204116321701009 -0.0033052396028393641 -0.0024515474423140744 0.0014364585470841745 0.01716564413476384 0.00010570683944776687 -0.0023778407004136962 0.0052665163550442949 0 0.0046439562167417629 0.0021361199370616905 -0.00082344100447021376 -0.00040428404012268228 -0.0093053193962715792 -0.00089512442102808649
leaf_weight=1786 26983 971 224 1245 462 2791 1355 566 2562 389 330 4162 2968 535 2460 4420 735 859 1456 52 6093 282 173 6441 285 1107 14822 985 267 3092
leaf_count=1786 26983 971 224 1245 462 2791 1355 566 2562 389 330 4162 2968 535 2460 4420 735 859 1456 52 6093 282 173 6441 285 1107 14822 985 267 3092
internal_value=-2.2254e-06 6.70925e-05 -0.00151569 0.000132586 6.42155e-05 0.000897337 0.00198551 0.00374219 0.00158733 -0.00066118 0.000931614 -6.53691e-05 -0.00029441 -0.00453988 0.000332346 -0.000431049 -0.000326956 -0.000474356 0.000262114 0.00238946 -0.000254573 -1.83269e-06 0.00830156 -0.000744598 0.000661153 0.00118266 -0.00102496 -0.00241514 -0.00412791 -5.11844e-05
internal_weight=90858 89072 3508 85564 81757 11056 5173 1921 3807 2749 3252 70701 43718 759 2790 39556 36588 31883 8509 1681 6828 2360 225 23374 4705 1389 16933 2111 1126 5883
internal_count=90858 89072 3508 85564 81757 11056 5173 1921 3807 2749 3252 70701 43718 759 2790 39556 36588 31883 8509 1681 6828 2360 225 23374 4705 1389 16933 2111 1126 5883
is_linear=0
shrinkage=0.05


Tree=19
num_leaves=31
num_cat=0
split_feature=1 121 160 152 57 30 165 25 81 81 82 158 166 8 82 24 52 81 32 24 51 48 166 12 165 45 38 87 162 159
split_gain=9.73542 3.07799 3.72559 3.3301 3.3958 4.26867 2.72699 2.44885 2.02649 5.50635 4.38626 3.359 2.15488 1.88367 2.23099 1.76578 1.73694 1.6618 1.64756 1.72588 1.59579 1.56418 1.53641 1.59065 1.62393 1.51196 1.48674 1.41739 1.37044 1.3544
threshold=0.11719667166471483 0.31790092587471014 0.4384319094695342 0.50797772407531749 1.2464840412139895 -0.0021190427942201491 0.70441595441595461 0.087051838636398329 0.21666666865348819 0.25000000745058065 0.025000001303851608 0.37426077791657242 0.18868670886075953 -0.80000177025794972 0.025000001303851608 0.11770059168338777 0.74406939744949352 0.48333333432674414 0.0052932503167539844 0.062968920916318907 0.9538342058658601 0.9276506006717683 0.28483245149911823 0.98800548911094677 0.68457101658255237 1.1005301475524905 0.0067068012431263932 0.90833333134651195 0.51659905146972895 0.38595841916366824
decision_type=2 8 2 10 2 10 8 10 2 2 2 2 10 2 2 10 2 2 10 10 2 2 10 2 10 2 10 2 2 2
left_child=1 2 -1 8 13 15 -7 28 11 10 12 18 -10 14 -5 -6 17 -11 -3 27 -15 25 26 -24 -25 -8 -13 -20 -2 -4
right_child=7 3 29 4 5 6 21 -9 9 16 -12 22 -14 20 -16 -17 -18 -19 19 -21 -22 -23 23 24 -26 -27 -28 -29 -30 -31
leaf_value=0.0053854544805228589 -0.0033037452104736076 0.001094962654050839 0.0042791617210869767 -0.0045983161712713728 0.0011168383095171237 -6.3653602263663564e-05 0.007097792515065521 -0.003436317095728102 -0.0083199453096345858 -0.0017669378371599686 -0.0015126589029954875 5.2698243782265671e-05 -0.00014401290828929 0.0006646454628653893 -0.00042602142158928031 -0.0015684656704966632 -7.7735436368090818e-05 -6.9296685067654536e-05 0.0068154276362372051 -0.0019190440224418936 -0.00026390339224889527 0.0051962051509919747 -0.0017801804882855291 0.00019666788242635758 -0.0017367679099920424 -0.0034012510103762711 0.0014421331444912401 -0.0022133188357111068 0.00055653981476828549 0.00062376234800546476
leaf_weight=502 319 789 274 394 3633 376 49 2455 441 3359 1606 6175 114 13309 1902 722 24792 2636 424 71 6999 1244 1737 6810 1287 108 2851 39 771 4663
leaf_count=502 319 789 274 394 3633 376 49 2455 441 3359 1606 6175 114 13309 1902 722 24792 2636 424 71 6999 1244 1737 6810 1287 108 2851 39 771 4663
internal_value=1.06101e-05 0.000115467 0.00126744 3.83081e-05 0.000472425 0.00151704 0.00358798 -0.00255701 -0.000195548 -0.0004377 -0.0028792 0.00019728 -0.00673377 0.000186775 -0.00116546 0.000659915 -0.000264614 -0.00102896 0.00263208 0.00480346 0.000342169 0.00460302 2.37009e-05 -0.000405837 -0.00010465 0 0.000497223 0.00594402 -0.000529376 0.000837585
internal_weight=90851 87306 5439 81867 28736 6132 1777 3545 53131 32948 2161 20183 555 22604 2296 4355 30787 5995 1323 534 20308 1401 18860 9834 8097 157 9026 463 1090 4937
internal_count=90851 87306 5439 81867 28736 6132 1777 3545 53131 32948 2161 20183 555 22604 2296 4355 30787 5995 1323 534 20308 1401 18860 9834 8097 157 9026 463 1090 4937
is_linear=0
shrinkage=0.05


Tree=20
num_leaves=31
num_cat=0
split_feature=12 50 89 119 39 165 27 44 35 33 161 82 159 3 48 32 119 160 81 165 88 9 126 17 32 92 165 2 5 158
split_gain=7.19694 3.47111 2.99696 2.81197 3.35999 2.73755 4.32286 4.94045 3.9468 3.14068 2.51403 2.4327 2.09327 1.90161 1.73795 1.71887 2.08591 1.91912 1.80711 1.75735 2.10148 1.86805 1.6963 1.99469 1.56928 1.52479 1.64735 1.5634 1.5215 2.60468
threshold=0.95583620667457592 0.63035988807678234 0.53139176964759838 0.6169610619544984 -0.030521774664521214 0.72848324514991192 0.11367360502481462 1.1345822811126711 0.45099334418773657 0.4551874846220017 0.028700280595455176 0.15833333879709247 0.94442366253780341 0.025607421062886718 0.87086862325668346 0.0029127235757187013 0.27018114924430853 0.82830883483797557 0.15000000596046451 0.55985074626865683 0.34269043803215032 1.0663143396377566 0.37457606196403509 0.70568010210990917 -0.0027479589916765686 0.49904091656208044 0.95030864197530873 -0.36131693422794336 0.021677992306649688 0.30933010971492647
decision_type=2 2 8 10 10 8 10 2 10 8 2 2 2 2 2 8 8 2 2 10 8 2 10 8 10 10 8 2 2 2
left_child=-1 10 3 5 24 -3 22 8 11 -9 -2 12 -8 -11 -13 16 17 -4 28 20 -18 -22 23 -7 -5 26 -20 -28 29 -17
right_child=1 2 15 4 -6 6 7 9 -10 13 -12 14 -14 -15 -16 18 19 -19 25 -21 21 -23 -24 -25 -26 -27 27 -29 -30 -31
leaf_value=-0.0031369399605615461 -0.00084481111422876035 0.00017318506903068236 0.0027603659301136405 0.0035397832470228626 -0.00035753006716169938 -0.0032459373914588796 0.0082910621438418552 -0.0034083357288667081 0.001941992471591185 0.002784508550411961 -0.0055944022740584028 -0.0037253784811279427 0.00020703032650141361 -0.0025727900463474417 0.0039775682747140439 0.0057761656965603023 -0.0016776440438380363 0.00031707328112923043 -0.0010560420663761054 0.00023998408660684135 -0.00032376051499463432 0.0040830252086460923 0.0025665048403863654 0.0004829162389115352 0.00077019998270829544 -0.00082071097615327821 -0.0073499363421446143 -0.0024868174205649233 -0.0015412576107051356 7.0918553993044406e-05
leaf_weight=1795 842 13934 1173 732 16965 371 695 479 2059 732 441 77 105 204 551 210 3367 2736 890 11866 7909 246 941 8458 1937 4447 284 518 1388 4291
leaf_count=1795 842 13934 1173 732 16965 371 695 479 2059 732 441 77 105 204 551 210 3367 2736 890 11866 7909 246 941 8458 1937 4447 284 518 1388 4291
internal_value=-2.803e-06 5.99879e-05 9.83803e-05 0.000362879 -9.56734e-05 0.00067935 0.0011566 0.00237114 0.00338247 -8.64254e-05 -0.00251939 0.00542167 0.00729404 0.00156203 0.00294919 -0.000224809 -3.52968e-06 0.00106355 -0.000722795 -0.000184055 -0.000625075 -0.000184213 0.000541925 0.000320215 0.00154955 -0.00132359 -0.00261449 -0.00427819 -8.78868e-05 0.000349434
internal_weight=90643 88848 87565 48240 19634 28606 14672 4902 3487 1415 1283 1428 800 936 628 39325 27297 3909 12028 23388 11522 8155 9770 8829 2669 6139 1692 802 5889 4501
internal_count=90643 88848 87565 48240 19634 28606 14672 4902 3487 1415 1283 1428 800 936 628 39325 27297 3909 12028 23388 11522 8155 9770 8829 2669 6139 1692 802 5889 4501
is_linear=0
shrinkage=0.05


Tree=21
num_leaves=31
num_cat=0
split_feature=1 89 119 44 46 28 166 166 166 43 138 166 27 165 80 82 80 12 80 165 161 165 1 5 127 80 59 114 165 160
split_gain=9.04796 2.73859 2.56405 2.96246 4.33071 2.66827 2.19826 2.31285 2.89096 2.55296 2.03991 1.75253 2.35644 2.03729 1.69929 3.14837 3.37538 2.48359 2.12378 4.14098 2.71928 1.63586 1.59094 1.56729 1.61781 1.56318 1.56219 1.7481 1.52179 1.59227
threshold=0.11719667166471483 0.45607632398605352 0.55295646190643322 1.1605440378189089 1.4708258509635928 -0.015033698640763758 0.41612554112554118 0.36536248561565027 0.37089947089947095 1.1518412232398989 0.88101774454116832 0.35968750000000005 0.12363375350832941 0.66241883116883127 0.37500000000000006 0.025000001303851608 0.32500000298023229 1.0010303258895876 0.62500000000000011 0.13837025316455701 0.5227170834063366 0.65648320895522405 1.0000000180025095e-35 0.033980574458837516 0.27105368673801428 0.075000001117587103 1.0818706154823305 0.18129087984561923 0.64475450709627935 0.42120674531909946
decision_type=2 8 10 2 2 8 10 10 10 2 8 8 10 10 2 2 2 2 2 10 2 8 2 2 10 2 2 10 10 2
left_child=1 2 3 4 11 6 7 21 9 -9 -2 13 28 -1 15 16 -3 -18 19 20 -16 -4 -20 -14 -25 -17 -24 -28 29 -13
right_child=10 14 5 -5 -6 -7 -8 8 -10 -11 -12 12 23 -15 18 25 17 -19 22 -21 -22 -23 26 24 -26 -27 27 -29 -30 -31
leaf_value=-0.0031644180252226152 -0.0032020282773579756 -0.0011358118386432506 -0.0021265299109914336 -0.0019607498912528163 0.0052220902459689704 -0.00036060983282880485 -0.0010693103391046931 0.0038881498940387055 0.0010463444677792817 0.015730776306685755 -0.00046161021366383228 0.0019114277824369076 0.0030988830742324628 0.00035574608191404216 0.00089706768056496125 0.00031880785788230127 -0.00059431567760196173 -0.0078580900473434051 -0.0086478723562322564 -0.0002341789206792913 0.0038310566007800449 0.0011049920481731811 -0.00025263724849203701 0.0020160546488200669 -0.0058075554886211954 -0.00054774566051932964 0.016362333572814587 0.0019909314849308672 0.0043691663634711627 0.00034323622336189627
leaf_weight=445 2604 3018 411 906 578 15043 1305 132 306 85 980 2106 1996 5149 1933 8345 197 364 55 3935 1408 5504 12180 167 104 13622 26 166 295 7540
leaf_count=445 2604 3018 411 906 578 15043 1305 132 306 85 980 2106 1996 5149 1933 8345 197 364 55 3935 1408 5504 12180 167 104 13622 26 166 295 7540
internal_value=-4.59349e-06 9.59271e-05 0.000386681 0.000811029 0.000950477 2.53002e-05 0.000781448 0.00116447 0.00437252 0.00880721 -0.00246698 0.000808691 0.00114476 6.62666e-05 -0.00017331 -0.000442951 -0.0018198 -0.00540192 0.00017376 0.000853533 0.00214928 0.000871679 -0.00022026 0.00260907 -0.000812853 -0.000216277 -0.000178058 0.00427082 0.000805572 0.000690963
internal_weight=90905 87321 42072 19286 18380 22786 7743 6438 523 217 3584 17802 12208 5594 45249 25546 3579 561 19703 7276 3341 5915 12427 2267 271 21967 12372 192 9941 9646
internal_count=90905 87321 42072 19286 18380 22786 7743 6438 523 217 3584 17802 12208 5594 45249 25546 3579 561 19703 7276 3341 5915 12427 2267 271 21967 12372 192 9941 9646
is_linear=0
shrinkage=0.05


Tree=22
num_leaves=31
num_cat=0
split_feature=1 89 39 47 124 25 166 166 49 165 25 158 105 5 114 160 166 166 18 165 114 37 17 92 117 7 165 88 166 80
split_gain=7.55709 2.74707 2.43118 4.14523 2.83952 2.43251 2.78527 2.16967 2.15826 1.8695 1.70748 1.60259 1.56044 1.5589 1.76822 2.20079 1.60589 3.0446 3.8185 2.31157 2.08442 1.52715 1.67539 1.4763 3.96696 1.87206 1.43128 1.75796 1.423 1.38393
threshold=0.12111108377575876 0.59204095602035534 -0.012694455217570065 1.5556241273880007 -0.088607877492904649 0.10523260384798051 0.92564953012714224 0.27365296803652978 0.97741329669952404 0.74146412037037046 0.087051838636398329 0.86348457253172783 0.42499999701976782 0.025423681363463405 0.71746617555618297 0.83946603195513758 0.38313884660916625 0.35968750000000005 1.0536776781082156 0.66241883116883127 0.25323705375194555 0.6336154341697694 0.89190930128097545 0.44426541030406957 0.59310269355773937 -0.012308850418776272 0.57517123287671235 0.35633398592472082 0.43887505188875059 0.47499999403953558
decision_type=2 8 10 2 10 10 8 10 2 8 8 2 2 2 10 2 8 10 2 10 10 10 8 10 10 2 10 10 10 2
left_child=1 2 3 7 9 6 -5 8 11 -4 -2 23 -7 14 16 29 17 19 -19 -3 -20 22 -11 24 -1 -25 27 28 -18 -16
right_child=10 13 4 5 -6 12 -8 -9 -10 21 -12 -13 -14 -15 15 -17 26 18 20 -21 -22 -23 -24 25 -26 -27 -28 -29 -30 -31
leaf_value=0.0024058713240170107 -0.00046658426794189104 -0.0034398265399453436 0.00012265074626675006 0.00091260136318952487 0.00056661986579905526 -0.004617368205183655 0.0055040187031735726 -7.6680601797447207e-05 -0.00028781723075786008 -0.0032799332759283826 -0.0031179314832101681 2.4096550656847209e-05 0.0015894615187939916 -0.0013509038121116868 0.00095136926535651289 0 -0.0019159112607095071 0.0017156384426560184 0.02548206588969781 5.1235019576106368e-05 0.0063238689058334021 0.00020425125493782979 -0.00091152763010390067 0.0045829569806842326 -0.002630607611655894 0.0016703141059705631 -0.002324407716442834 -0.0001679145077054658 0.0004445378355634548 0.0040889703537602224
leaf_weight=1412 891 501 10962 539 16517 136 990 7665 1987 882 2289 1295 387 3017 914 3339 3025 1101 25 8174 58 2494 5940 1004 532 1409 1176 10885 768 634
leaf_count=1412 891 501 10962 539 16517 136 990 7665 1987 882 2289 1295 387 3017 914 3339 3025 1101 25 8174 58 2494 5940 1004 532 1409 1176 10885 768 634
internal_value=2.33955e-06 8.96562e-05 0.00031048 0.000798584 7.88696e-05 0.0029135 0.0039198 0.000511572 0.0011083 -0.000315959 -0.00239115 0.00160793 0 -0.000264563 -0.000155781 0.000712778 -0.000322825 0.000174273 0.00255382 -0.000144992 0.0129243 -0.00083739 -0.0012255 0.00206709 0.00100122 0.00290431 -0.000635096 -0.000496193 -0.0014248 0.0022705
internal_weight=90948 87768 54151 17356 36795 2052 1529 15304 7639 20278 3180 5652 523 33617 30600 4887 25713 9859 1184 8675 83 9316 6822 4357 1944 2413 15854 14678 3793 1548
internal_count=90948 87768 54151 17356 36795 2052 1529 15304 7639 20278 3180 5652 523 33617 30600 4887 25713 9859 1184 8675 83 9316 6822 4357 1944 2413 15854 14678 3793 1548
is_linear=0
shrinkage=0.05


Tree=23
num_leaves=31
num_cat=0
split_feature=1 9 38 166 17 32 163 119 92 166 53 166 37 17 159 7 1 160 16 72 40 32 11 9 159 38 16 29 27 32
split_gain=7.54239 3.10456 3.36965 5.69976 3.49221 2.97916 3.48133 2.70652 2.52472 2.84449 2.49725 2.35341 3.17208 2.75801 4.86142 2.96607 2.19012 2.48222 3.28541 2.64517 2.1079 1.97563 1.7986 1.79417 1.78051 1.74047 1.68838 3.47006 1.89304 1.58756
threshold=0.11719667166471483 1.0710268616676333 0.0071757466066628703 0.28483245149911823 0.65963563323020946 0.0052137563470751056 0.20667593887057464 0.42669923603534704 0.23421563208103183 0.17012987012987016 1.1601572632789614 0.30873275236020342 0.75192624330520641 0.85368505120277416 0.68599775707242883 -0.0081799235194921476 0.081081002950668349 0.683177648678023 1.202061712741852 0.7472389042377473 -0.030950452201068398 0.0022384460316970949 0.99221792817115795 0.99429956078529369 0.95167219955988014 -0.022743347100913521 1.432964622974396 -0.0061612515710294238 0.12556724995374682 0.003976603504270316
decision_type=2 2 10 10 8 10 2 8 10 10 2 10 10 8 2 2 2 2 10 2 10 8 2 2 2 8 8 10 10 10
left_child=1 2 4 5 8 26 20 16 9 24 -3 12 13 14 15 -9 17 19 -19 -6 -7 -2 -8 -15 -1 -10 -4 -28 -29 -5
right_child=21 10 3 29 7 6 22 11 25 -11 -12 -13 -14 23 -16 -17 -18 18 -20 -21 -22 -23 -24 -25 -26 -27 27 28 -30 -31
leaf_value=-0.0090416190652566585 -2.2778921213946926e-05 0.00070146096363448752 0.00063126647717231393 0.00013749451820665103 0.00076093967841765482 0.0018100839817908377 0.0016932632315684341 -0.0078864521679756824 -0.0034564358327880229 -0.00085772056446371055 0.0049355224890223013 0.00015199335649811207 0.00085112430116843294 -0.0016817378977581282 -0.00086990085098493861 -0.0014931312716313485 -0.0018094177684738922 7.3668341327952818e-06 0.0058798009339103589 0.0032410535291637886 0.012050906248677737 -0.0029026320189966376 0.0073464530916104616 -0.00037594448211673343 -0.0015745899011446619 -0.0001841125185621309 0.00068119958015059007 0.0013720200971045753 0.0075709584917927585 -0.0010551207678012448
leaf_weight=308 805 974 9222 9297 4028 92 1780 521 530 382 573 16108 3054 3326 1746 312 1006 10740 243 1510 160 2750 160 13472 132 1897 1144 214 384 3955
leaf_count=308 805 974 9222 9297 4028 92 1780 521 530 382 573 16108 3054 3326 1746 312 1006 10740 243 1510 160 2750 160 13472 132 1897 1144 214 384 3955
internal_value=-7.05169e-06 8.43696e-05 4.36997e-05 0.000513966 -0.000164833 0.00125173 0.00294438 -7.15326e-05 -0.00175895 -0.00416985 0.00230421 -0.000306575 -0.0006381 -0.000875428 -0.00240457 -0.00555645 0.000442422 0.000582669 0.000142371 0.00144666 0.00853175 -0.00226476 0.00218881 -0.000637552 -0.00692354 -0.000920434 0.000908522 0.0023464 0.00544208 -0.000214716
internal_weight=90825 87270 85723 26408 59315 13156 2192 56066 3249 822 1547 38539 22431 19377 2579 833 17527 16521 10983 5538 252 3555 1940 16798 440 2427 10964 1742 598 13252
internal_count=90825 87270 85723 26408 59315 13156 2192 56066 3249 822 1547 38539 22431 19377 2579 833 17527 16521 10983 5538 252 3555 1940 16798 440 2427 10964 1742 598 13252
is_linear=0
shrinkage=0.05


Tree=24
num_leaves=31
num_cat=0
split_feature=1 0 39 79 166 16 166 5 160 72 166 12 165 19 49 160 165 36 25 50 53 5 166 82 8 166 158 127 82 27
split_gain=6.39105 2.48501 2.77583 2.77954 6.0994 5.44199 4.15314 3.7934 3.41904 5.13775 3.26647 6.17504 4.42619 3.33065 3.02454 4.36211 2.6664 2.48294 2.31707 2.26462 2.24406 2.05236 2.06688 2.75367 3.15905 1.93606 1.92557 1.80804 1.72744 1.66541
threshold=0.13785236328840259 -0.071069378405809389 -0.086951117962598787 0.45000000298023229 0.35968750000000005 1.3521531224250796 0.39715954875100729 0.032942539080977447 0.44261253749980972 0.60587763786315929 0.35968750000000005 1.0071585178375246 0.65648320895522405 1.0859847068786623 0.89626634120941173 0.89603639521159162 0.66241883116883127 0.57599514722824108 0.10375531762838365 0.87547883391380321 1.1601572632789614 0.02960904780775309 0.44721393034825879 0.025000001303851608 -0.78571581840515126 0.28483245149911823 0.66254829365251489 0.2372892498970032 0.10833333432674409 0.12938994169235232
decision_type=2 2 10 2 8 10 8 2 2 2 10 2 10 2 2 2 10 10 10 2 2 2 10 2 2 10 2 10 2 10
left_child=1 20 -3 4 16 7 10 8 9 -6 12 -12 -5 -13 15 -10 -4 19 -7 -8 -1 22 23 24 -21 -14 29 -9 -27 -11
right_child=-2 2 3 6 5 18 17 27 14 26 11 13 25 -15 -16 -17 -18 -19 -20 21 -22 -23 -24 -25 -26 28 -28 -29 -30 -31
leaf_value=0.00050201591154784152 -0.0026753077840961023 -0.0022571901507406184 -0.0031287300202272627 -0.0031355049812043182 0.00092146696483775365 0.0060730965353774161 -0.0019959883869258154 -5.0166279018440311e-05 0.0025819328929524554 0.004708354860580596 0.0011435099362025916 0.0046114968928145017 0.0012513663256622505 0.016126211288490528 -3.7060187523887343e-05 8.7646940444054887e-05 -0.00032846871104702654 0.00013016198096253912 -0.00082541700574628491 -0.0065831578168714724 0.0047393750360906171 0.0013633566228855411 0.00026147529523033741 -0.00071885420444045567 -0.0016783326541713979 -0.0011500181921957546 0.0024999942366771681 -0.0036297549088290942 0.00034651934523180928 0.010571361429419689
leaf_weight=833 2166 1294 938 957 3780 678 3467 791 3449 647 2236 204 4402 105 10043 3651 9873 9993 133 429 531 1233 3898 10846 1621 2481 853 681 8633 177
leaf_count=833 2166 1294 938 957 3780 678 3467 791 3449 647 2236 204 4402 105 10043 3651 9873 9993 133 429 531 1233 3898 10846 1621 2481 853 681 8633 177
internal_value=6.92041e-06 7.28951e-05 3.9286e-05 7.4366e-05 0.000412493 0.000844121 -0.000163616 0.000705856 0.000867541 0.00196075 0.00041833 0.00208671 0.000157427 0.00872495 0.000516538 0.00130654 -0.000576321 -0.000516698 0.00488057 -0.000819755 0.0021905 -0.000590667 -0.00073718 -0.00104291 -0.00273184 0.000363941 0.00427158 -0.0017415 7.8725e-06 0.00603966
internal_weight=91023 88857 87493 86199 35694 24883 50505 24072 22600 5457 19018 2545 16473 309 17143 7100 10811 31487 811 21494 1364 18027 16794 12896 2050 15516 1677 1472 11114 824
internal_count=91023 88857 87493 86199 35694 24883 50505 24072 22600 5457 19018 2545 16473 309 17143 7100 10811 31487 811 21494 1364 18027 16794 12896 2050 15516 1677 1472 11114 824
is_linear=0
shrinkage=0.05


Tree=25
num_leaves=31
num_cat=0
split_feature=1 152 16 56 81 165 81 82 159 17 16 5 166 166 53 48 52 114 165 165 166 166 58 14 166 81 166 43 165 14
split_gain=5.87714 2.5687 3.18121 3.6938 2.3754 4.13752 3.86551 3.17042 3.15868 3.324 3.94545 2.7516 2.31992 2.12742 1.85483 1.70449 1.66017 1.62436 2.45158 1.55814 1.39131 3.47861 3.47219 2.54618 1.88013 2.16451 1.4714 1.36277 1.34201 1.32429
threshold=0.13785236328840259 0.50797772407531749 1.3363880515098574 1.1418517827987673 0.21666666865348819 0.70441595441595461 0.25000000745058065 0.025000001303851608 0.78091230993435168 0.59424221515655529 0.87389007210731517 0.025423681363463405 0.326679104477612 0.18868670886075953 1.1398835182189944 0.93825262784957897 0.66627320647239696 0.37989084422588354 0.95187114197530875 0.67924976258309611 0.41612554112554118 0.36536248561565027 1.0424644351005556 1.0250121355056765 0.3687550362610798 0.38333334028720861 0.30068493150684933 1.1572368741035464 0.72783389450056124 1.13027560710907
decision_type=2 10 10 2 2 8 2 2 2 8 8 2 10 10 2 2 2 8 8 10 8 10 2 8 10 2 10 2 10 10
left_child=1 4 14 -4 5 12 7 13 9 -7 11 28 -1 -6 17 -5 -8 18 -3 -14 21 26 24 -22 25 -23 -18 -27 -11 -24
right_child=-2 2 3 15 6 8 16 -9 -10 10 -12 -13 19 -15 -16 -17 20 -19 -20 -21 23 22 29 -25 -26 27 -28 -29 -30 -31
leaf_value=-0.0021211774723576484 -0.0025423727719692361 0.00043140231997968359 0.0065304081749421776 -0.00046826916768444283 -0.0072340715801796508 -0.0070794188766740264 -0.0013135757685023214 -0.0012541368530339736 -1.9053489045007715e-05 0.0044292394180745097 0.00078935196199899228 -0.00017086146448553813 -0.00022562219087273215 0 0.0027995157967537175 0.0023898883821777865 0.00081098416351712145 0.00054523642751592159 -0.0010929309408733534 0.0040327641557472592 0.00015137360786466713 0.0090849774795060522 0.0017269009551792232 -0.0010766769515651422 0.00048190778949070865 0.0015705256016761251 -0.00052456987499926175 0.011072015321575278 0.00048608080999751747 0.018474874068051577
leaf_weight=1724 2194 5823 408 813 447 107 3250 1686 5607 1924 4701 466 9581 125 722 1336 2963 15899 4784 218 9107 151 26 7771 1320 628 6710 42 276 44
leaf_count=1724 2194 5823 408 813 447 107 3250 1686 5607 1924 4701 466 9581 125 722 1336 2963 15899 4784 218 9107 151 26 7771 1320 628 6710 42 276 44
internal_value=1.27547e-05 7.65771e-05 0.000455287 0.00214427 -0.000114171 0.000259438 -0.000383862 -0.00238535 0.000869228 0.00154222 0.00167517 0.00321752 -0.000428477 -0.00562438 0.000294764 0.00128563 -0.000241053 0.000224547 -0.000251432 -0.000125381 -0.000118082 0.000293886 0.00208385 -0.000411116 0.00169537 0.00358257 -0.000110258 0.00225627 0.00395771 0.0130704
internal_weight=90853 88659 29785 2557 58874 24604 34270 2258 13081 7474 7367 2666 11523 572 27228 2149 32012 26506 10607 9799 28762 11884 2211 16878 2141 821 9673 670 2200 70
internal_count=90853 88659 29785 2557 58874 24604 34270 2258 13081 7474 7367 2666 11523 572 27228 2149 32012 26506 10607 9799 28762 11884 2211 16878 2141 821 9673 670 2200 70
is_linear=0
shrinkage=0.05


Tree=26
num_leaves=31
num_cat=0
split_feature=1 147 126 160 16 56 15 82 80 80 82 166 77 80 5 166 80 15 159 52 27 126 26 30 22 38 166 11 46 1
split_gain=5.64649 2.41475 2.38475 3.19572 2.90603 4.17415 3.32955 3.10773 2.40706 2.36526 4.51471 5.68478 3.33495 2.70744 2.04966 2.04774 2.96383 1.75141 1.75013 1.70238 1.5273 1.43979 1.40755 1.33047 1.32157 1.34958 1.6009 1.4047 1.29737 1.28478
threshold=0.14629016071558001 0.52795326709747326 0.30286659300327307 0.46838886215601055 1.2316285967826845 1.1418517827987673 1.0258497595787051 0.058333335444331176 0.075000001117587103 0.37500000000000006 0.025000001303851608 0.050316455696202543 0.10833333432674409 0.57500001788139354 0.02960904780775309 0.87256410256410266 0.47499999403953558 0.91880351305007946 0.9099861747384691 0.71250203251838695 0.13729298859834674 0.55139485001564037 0.030927279964089397 0.012380171567201616 1.158430874347687 0.014917921740561725 0.28483245149911823 0.94851484894752514 1.4399116039276125 0.088206529617309584
decision_type=2 8 10 2 10 2 10 2 2 2 2 10 2 2 2 8 2 10 2 2 10 10 10 8 2 8 10 2 2 2
left_child=1 2 4 -4 8 7 -7 -6 -1 10 11 12 20 15 -5 -11 -17 -9 22 -18 -10 23 -14 -3 25 27 -27 -12 -19 -16
right_child=-2 21 3 14 5 6 -8 17 9 13 24 -13 18 -15 29 16 19 28 -20 -21 -22 -23 -24 -25 -26 26 -28 -29 -30 -31
leaf_value=0.00060720090610206579 -0.002797133324973459 -0.00049733651890306117 0.0041807451503013239 0.0010001740121142212 0.0065745653899263595 -0.0031173114013262442 0.00078822303499536349 -0.0037368859588828556 -0.0020358957014464125 0.00010359131032045693 -0.0032227944190832119 0.00034449648048322999 -0.00081309245252093182 -0.00018223400239738644 0.00021154236214797958 0 0.0070892517550479777 0.0011919678317197117 -0.0011696572751808102 0.0024425108201793643 0.0057842361124736882 0.0018081677426636904 -0.0074319244122171132 -0.0019393826217060006 0.0022232822409156499 0.0023412393036889214 -0.0008295024350485667 -0.00047900392016025093 0.0064662517107327488 -0.0043306520000670947
leaf_weight=11366 1780 8299 740 4846 517 593 6295 126 404 3861 492 998 108 27374 273 1367 239 519 192 1777 71 552 854 2039 484 904 680 12494 165 309
leaf_count=11366 1780 8299 740 4846 517 593 6295 126 404 3861 492 998 108 27374 273 1367 239 519 192 1777 71 552 854 2039 484 904 680 12494 165 309
internal_value=-9.13034e-06 4.61372e-05 0.000143983 0.0010879 6.22763e-05 0.000947569 0.000444327 0.00351978 -5.11851e-05 -0.000195235 -0.000665895 -0.00258089 -0.00440291 4.37203e-05 0.000656346 0.000904377 0.00180323 0.00150263 -0.00586032 0.00302142 -0.000752254 -0.000650474 -0.00674239 -0.000786752 -0.000328248 -0.000416585 0.000948852 -0.000587048 0.00254485 -0.00211756
internal_weight=90718 88938 78048 6168 71880 8215 6888 1327 63665 52299 17681 2627 1629 34618 5428 7244 3383 810 1154 2016 475 10890 962 10338 15054 14570 1584 12986 684 582
internal_count=90718 88938 78048 6168 71880 8215 6888 1327 63665 52299 17681 2627 1629 34618 5428 7244 3383 810 1154 2016 475 10890 962 10338 15054 14570 1584 12986 684 582
is_linear=0
shrinkage=0.05


Tree=27
num_leaves=31
num_cat=0
split_feature=12 17 38 9 28 39 159 79 166 166 16 166 12 165 82 165 160 78 52 29 25 36 166 33 91 82 39 68 166 159
split_gain=4.45354 2.33362 3.65377 2.08393 2.11518 1.94313 1.85878 1.8192 4.17694 3.82329 3.68231 3.31295 5.14493 3.75342 2.74055 2.72124 2.08392 2.45926 3.5285 2.09122 2.04589 2.00673 2.21721 2.26518 1.85599 1.6051 1.50746 1.85249 1.50163 1.44344
threshold=0.95583620667457592 0.58377978205680858 0.0029504470294341449 1.0663143396377566 -0.048889720812439912 -0.092534113675355897 0.91997124269875385 0.45000000298023229 0.35968750000000005 0.37089947089947095 1.3521531224250796 0.35968750000000005 1.0056198239326479 0.66241883116883127 0.52500000596046459 0.66241883116883127 0.44261253749980972 0.90000000596046459 0.72753083705902111 0.0067662741057574758 0.10375531762838365 0.62338882684707653 0.44058823529411767 0.4758575856685639 0.62204372882843029 0.025000001303851608 -0.0053246170282363883 0.070001948624849333 0.28483245149911823 0.81334000734007872
decision_type=2 8 8 2 8 10 2 2 8 8 10 10 2 10 2 10 2 2 2 10 10 10 10 8 10 2 10 2 10 2
left_child=-1 2 6 5 -5 -3 -2 8 15 11 16 13 -13 -9 -14 -7 17 18 -10 -18 -12 22 23 25 -21 -11 27 -25 -15 -4
right_child=1 3 29 4 -6 7 -8 9 10 21 20 12 14 28 -16 -17 19 -19 -20 24 -22 -23 -24 26 -26 -27 -28 -29 -30 -31
leaf_value=-0.0024936793753052538 -0.005696847669840366 -0.0023966862375219729 -0.0057762027183428499 0.0043314431472174647 0.00061890148470536161 -0.0031205333201832965 -0.0018333539503501061 -0.002853456897121685 0.0052438076268432133 -0.0033205869686932978 0.0052655221165170789 0.0012285804474148434 0.0040518389203335475 0.0011909061695063424 0.014008193020047147 -0.00023592701559407115 -0.00019799229142250497 -9.8295900656025678e-05 0.0013745352410962355 0.0016322557574566113 -0.00079512461827107488 0.00018684411969288478 0.00026392449862125422 -0.0015327018953813934 0.00011702041873408828 -0.0012980216240326631 -0.0010694264693272267 0.00064370286113557627 7.1879995619659627e-05 0.00084689045167641328
leaf_weight=1780 450 806 85 552 1395 903 1245 945 745 1235 656 1881 200 4217 126 9255 9177 1760 3163 4203 159 8507 4580 1292 4039 5901 5626 3972 10746 1459
leaf_count=1780 450 806 85 552 1395 903 1245 945 745 1235 656 1881 200 4217 126 9255 9177 1760 3163 4203 159 8507 4580 1292 4039 5901 5626 3972 10746 1459
internal_value=-1.76097e-05 3.12237e-05 -0.00128516 8.13744e-05 0.00169881 4.33122e-05 -0.0028913 6.75536e-05 0.000348872 -0.000126073 0.00071069 0.00044999 0.00226705 0.00019463 0.00808398 -0.000497559 0.00059145 0.00142667 0.0021261 0.000316739 0.00402234 -0.000463087 -0.000709875 -0.00096007 0.000895883 -0.00165548 -0.00049968 9.98382e-05 0.000390653 0.000446412
internal_weight=91060 89280 3239 86041 1947 84094 1695 83288 34060 49228 23902 18115 2207 15908 326 10158 23087 5668 3908 17419 815 31113 22606 18026 8242 7136 10890 5264 14963 1544
internal_count=91060 89280 3239 86041 1947 84094 1695 83288 34060 49228 23902 18115 2207 15908 326 10158 23087 5668 3908 17419 815 31113 22606 18026 8242 7136 10890 5264 14963 1544
is_linear=0
shrinkage=0.05


Tree=28
num_leaves=31
num_cat=0
split_feature=1 152 136 26 29 165 82 44 3 80 72 1 158 116 166 81 166 160 157 161 5 122 27 165 82 8 82 165 166 165
split_gain=4.56934 2.48975 2.32728 3.4478 2.74333 3.69255 2.19344 1.71557 1.70513 1.48872 2.04807 1.51804 1.48651 1.45416 1.43357 2.10384 1.99319 1.44949 1.42253 1.41049 1.39497 1.37914 1.37715 1.35249 1.12674 1.55355 3.38094 1.88113 1.30584 1.79906
threshold=0.14629016071558001 0.47782382369041448 0.57630723714828502 0.1000347062945366 -0.0063932805787771932 0.82764274691358042 0.17500000447034839 1.1027468442916872 0.02334720361977816 0.075000001117587103 0.054789185523986823 0.10940947011113168 0.2656365451533883 0.65104064345359813 0.28483245149911823 0.21666666865348819 0.30873275236020342 0.87928498713959835 -0.030145549215376374 0.28260681818384964 0.032942539080977447 0.40833584964275366 0.1265240088105202 0.72783389450056124 0.5416666865348817 -0.6666644513607024 0.025000001303851608 0.74146412037037046 0.35968750000000005 0.64475450709627935
decision_type=2 10 8 10 8 8 2 2 2 2 2 2 2 10 10 2 10 2 10 2 2 10 10 10 2 2 2 8 10 10
left_child=1 7 9 24 -5 -6 22 14 -9 12 -11 13 -3 -12 15 17 -16 -1 -8 -15 -21 -13 -7 -2 25 26 27 -4 -26 -30
right_child=23 2 3 4 5 6 18 8 -10 10 11 21 -14 19 16 -17 -18 -19 -20 20 -22 -23 -24 -25 28 -27 -28 -29 29 -31
leaf_value=0.0024193584302481682 -0.0028780365117303873 0.004204961690615394 -0.00018385697690738605 7.1944982076130299e-05 0.00023595613338107284 0.00093228227151225191 0.0044333147904960903 -0.00056790977583963495 -0.002459086235935274 0.0017916181714742845 0.00013607099405841684 -0.0045433964307355782 0.00093919867574835205 0.00068361933149245068 -0.0035455888823059433 -0.00066397261293413084 -0.00037443121437385758 3.8181391602626498e-05 0 0.0045028541830654991 -0.0047847403070101378 -0.00029935691226966972 0.0069336854491031845 0.003086286319456278 -0.00017202426018321062 -0.00031539805164318944 -0.00060112872271369578 -0.0053578356722195665 0.00073644778902954113 0.005730607215585993
leaf_weight=1510 1660 380 262 4469 1471 139 315 3346 1938 2129 23479 311 6266 1410 574 2274 4034 1183 454 503 38 570 575 92 6682 18758 3293 698 1719 207
leaf_count=1510 1660 380 262 4469 1471 139 315 3346 1938 2129 23479 311 6266 1410 574 2274 4034 1183 454 503 38 570 575 92 6682 18758 3293 698 1719 207
internal_value=-6.30071e-06 4.29459e-05 0.000161878 -0.000102662 0.000865153 0.00204782 0.00380996 -0.000546984 -0.00127133 0.000457665 0.000297811 0.000174973 0.00113405 0.000247429 -0.000141941 0.000440886 -0.000780981 0.0013923 0.00185669 0.00156118 0.00375062 -0.00185768 0.00583821 -0.00253474 -0.000331472 -0.000514521 -0.00138072 -0.00399946 0.000152052 0.00130185
internal_weight=90739 88987 74128 39042 7423 2954 1483 14859 5284 35086 28440 26311 6646 25430 9575 4967 4608 2693 769 1951 541 881 714 1752 31619 23011 4253 960 8608 1926
internal_count=90739 88987 74128 39042 7423 2954 1483 14859 5284 35086 28440 26311 6646 25430 9575 4967 4608 2693 769 1951 541 881 714 1752 31619 23011 4253 960 8608 1926
is_linear=0
shrinkage=0.05


Tree=29
num_leaves=31
num_cat=0
split_feature=11 38 17 165 92 44 27 7 165 37 159 0 126 157 28 165 144 79 16 12 25 163 165 79 17 163 28 28 35 62
split_gain=3.6569 2.16915 4.10733 3.97053 2.89669 2.79389 2.77566 3.68637 2.62772 2.4676 2.21511 2.19789 2.19589 2.08237 1.88881 1.70703 2.51407 2.61225 2.49779 2.01287 2.54595 1.40458 1.38262 1.50499 1.37969 1.27817 1.23744 1.19308 1.18767 1.12101
threshold=0.8845697045326234 0.0079775443300604838 0.59424221515655529 0.70441595441595461 0.53873285651206981 1.3017925024032595 0.10780400037765504 0.0058358749374747285 0.074350469872857941 0.48696899414062506 0.8466237520151213 -0.062028249725699418 0.39946122467517858 0.044677689671516425 -0.048889720812439912 0.68387741505662902 0.45442435145378118 0.45000000298023229 1.2389647960662844 1.0107175111770632 0.046182202175259597 0.52214234342233545 0.74146412037037046 0.35000000894069677 0.85592272877693187 0.63853691635617327 -0.007382866693660616 -0.01707215420901775 0.34412856400012976 0.86707282066345226
decision_type=2 10 8 8 10 2 10 2 10 10 2 2 10 8 8 8 8 2 10 2 10 2 8 2 10 2 8 10 10 2
left_child=-1 2 4 29 8 6 22 9 21 -8 24 14 13 15 -4 -13 17 18 -17 26 -21 -2 -5 28 25 -11 -19 -18 -24 -3
right_child=1 3 11 5 -6 -7 7 -9 -10 10 -12 12 -14 -15 -16 16 27 19 -20 20 -22 -23 23 -25 -26 -27 -28 -29 -30 -31
leaf_value=-0.0022443964237760551 -0.0038106050286275126 -0.00074939367753656656 0.0041350472053222316 0.0018197680420614791 -0.00028340094359586985 -0.0023254956691896008 0.0016332837948222123 0.0012685766478632661 -0.0011124960943135118 0.01153145802297882 0.0022606129419370318 0.00035249951050525785 0.0014537258504660395 -0.00094672531712999613 0.0006214627586258153 -9.1512046723591576e-05 0.001278006358339877 5.1591687813692437e-05 0.0041170944071367826 -0.0060784628372553863 -0.0014593986243184769 -0.0090527176678547785 0.0025812332957405957 -0.00055533284459427003 0.0039478219000405566 0.0037675683181968202 -0.0012611781537678055 8.9259794586739955e-06 0.00027773182900000669 0.0002131624157339019
leaf_weight=1740 339 4982 550 1816 1007 562 564 3415 468 283 294 19311 2279 6833 1405 4352 2145 2451 381 448 1024 273 893 2897 191 93 6045 14127 1654 7581
leaf_count=1740 339 4982 550 1816 1007 562 564 3415 468 283 294 19311 2279 6833 1405 4352 2145 2451 381 448 1024 273 893 2897 191 93 6045 14127 1654 7581
internal_value=2.41141e-05 6.92221e-05 -8.60646e-05 0.00046172 -0.00226699 0.00108706 0.00124987 0.00218141 -0.00406828 0.00433152 0.00603706 -1.10245e-05 -6.61408e-05 -0.000127684 0.00163711 -1.53751e-05 -0.000246355 -0.000720944 0.000237511 -0.00118103 -0.00290232 -0.00624152 0.000621737 0.000212656 0.00789977 0.00975885 -0.000876613 0.000179359 0.00110568 -0.0001646
internal_weight=90403 88663 63438 25225 2087 12662 12100 4840 1080 1425 861 61351 59396 57117 1955 50284 30973 14701 4733 9968 1472 612 7260 5444 567 376 8496 16272 2547 12563
internal_count=90403 88663 63438 25225 2087 12662 12100 4840 1080 1425 861 61351 59396 57117 1955 50284 30973 14701 4733 9968 1472 612 7260 5444 567 376 8496 16272 2547 12563
is_linear=0
shrinkage=0.05


Tree=30
num_leaves=31
num_cat=0
split_feature=1 89 29 44 142 138 28 32 1 80 80 93 82 165 16 80 80 114 160 71 165 31 160 11 16 82 158 78 47 81
split_gain=4.06069 2.16314 1.65723 1.86655 1.83839 1.455 1.43567 1.49371 1.33992 1.42798 2.1262 2.24969 2.2647 2.61129 1.69497 1.78199 1.50611 1.32524 2.35617 1.27449 1.20008 1.17284 1.11359 1.07949 1.40931 1.07852 1.41989 1.05155 1.00468 0.961239
threshold=0.11719667166471483 0.4005554467439652 0.0026094975182786588 1.1624433994293215 0.83514267206192028 0.91161140799522411 -0.0052460972219705573 -0.0032487348653376098 1.0000000180025095e-35 0.37500000000000006 0.075000001117587103 0.61637121438980114 0.025000001303851608 0.14918826918041375 1.432964622974396 0.52500000596046459 0.12500000372529033 0.71746617555618297 0.7532708595233305 0.15848443657159808 0.66774891774891787 -0.0048301336355507365 0.71027973915079257 0.95019027590751659 0.91196671128273021 0.5416666865348817 0.33339714139867282 0.70000001788139354 1.1377945542335512 0.15000000596046451
decision_type=2 8 10 2 10 8 8 10 2 2 2 10 2 10 10 2 2 10 2 2 10 10 2 2 10 2 2 2 2 2
left_child=1 2 6 4 28 21 7 -1 -3 10 25 12 13 16 17 -16 -12 -11 -19 -9 22 -2 23 -6 -25 26 -10 -18 -4 -14
right_child=5 8 3 -5 20 -7 -8 19 9 14 11 -13 29 -15 15 -17 27 18 -20 -21 -22 -23 -24 24 -26 -27 -28 -29 -30 -31
leaf_value=0.0013602692447947065 -0.00017798455613093073 -0.0061288202260719972 0 -0.0031003327241905009 -0.0014840526269508702 4.7998717667818995e-05 -0.0002267347345341129 -0.00037887700365728006 0.0027974526109398557 -7.853129429715404e-05 0.00079290793590535899 -6.3521540164036469e-05 -2.6459111359984678e-05 0 0.0060710604554859091 0.00080361823511028614 -0.0064988393761178992 0.0035540470787279975 0.00018120313462820011 0.00067427738304766556 -0.00019906725089121501 -0.0027995471334285346 0.00061899877482756447 0.0034663103848147367 0.0011475304281649112 0.0010912955370645553 -0.00025798397639078662 -0.0025858571448919955 0.0058898652447890729 -0.001243258039519219
leaf_weight=3715 589 93 105 273 199 881 13049 5151 398 18276 104 7405 2382 490 237 585 578 722 1951 6400 1909 2083 3914 1238 1590 2470 7613 321 294 5736
leaf_count=3715 589 93 105 273 199 881 13049 5151 398 18276 104 7405 2382 490 237 585 578 722 1951 6400 1909 2083 3914 1238 1590 2470 7613 321 294 5736
internal_value=-2.03353e-06 6.49364e-05 0.000349775 0.000921436 0.00104587 -0.00165924 0.00015574 0.000485939 -0.000152393 -0.000139972 -0.000380031 -0.000725661 -0.00123056 -0.00303381 0.000160932 0.00238862 -0.00449424 7.10247e-05 0.00111192 0.000200318 0.000888807 -0.00224065 0.0011952 0.00192327 0.00218115 0.000176348 -9.96139e-05 -0.00516164 0.00439374 -0.000892428
internal_weight=90751 87198 37837 9522 9249 3553 28315 15266 49361 49268 27497 17016 9611 1493 21771 822 1003 20949 2673 11551 8850 2672 6941 3027 2828 10481 8011 899 399 8118
internal_count=90751 87198 37837 9522 9249 3553 28315 15266 49361 49268 27497 17016 9611 1493 21771 822 1003 20949 2673 11551 8850 2672 6941 3027 2828 10481 8011 899 399 8118
is_linear=0
shrinkage=0.05


end of trees

feature_importances:
earnings_yield=93
pe=88
feature_IMIN60=49
feature_KLEN=33
feature_IMIN20=27
feature_IMIN30=26
feature_ROC30=23
momentum_60=23
feature_ROC60=22
feature_KLOW=21
feature_STD20=19
feature_IMIN10=19
feature_VWAP0=18
feature_BETA60=18
feature_RESI5=18
price_vs_ma20=17
feature_STD60=16
feature_RESI10=14
amount_20=14
feature_LOW0=12
feature_BETA5=12
feature_RSQR60=11
reversal_20=11
feature_QTLU5=10
feature_CORR10=10
feature_CORR60=10
feature_KMID=9
feature_OPEN0=9
feature_MIN60=9
feature_KSFT2=8
feature_MAX10=8
feature_MIN5=8
feature_QTLD60=8
feature_SUMD30=8
feature_VSUMN60=8
feature_BETA10=7
feature_STD30=6
feature_QTLD10=6
feature_IMAX60=6
feature_SUMP10=6
feature_KUP=5
feature_KSFT=5
feature_MA5=5
feature_MA60=5
feature_STD10=5
feature_RSQR30=5
feature_MAX30=5
feature_QTLD5=5
feature_RSV60=5
feature_SUMP30=5
volume_ratio_20_60=5
feature_BETA20=4
feature_RSQR5=4
feature_MAX5=4
feature_MAX60=4
feature_MIN20=4
feature_QTLU60=4
feature_IMIN5=4
feature_IMXD60=4
feature_SUMN10=4
feature_SUMN30=4
feature_WVMA60=4
feature_VSUMP10=4
feature_RESI20=3
feature_MIN10=3
feature_QTLU30=3
feature_RSV30=3
feature_IMAX30=3
feature_IMXD30=3
feature_CORR30=3
feature_SUMD10=3
feature_VSUMD60=3
feature_KMID2=2
feature_ROC10=2
feature_ROC20=2
feature_MA10=2
feature_BETA30=2
feature_RSQR10=2
feature_RSQR20=2
feature_MAX20=2
feature_IMAX10=2
feature_IMXD20=2
feature_CORR5=2
feature_CORR20=2
feature_CNTP20=2
feature_CNTP30=2
feature_CNTP60=2
feature_CNTN20=2
feature_SUMP5=2
feature_SUMP60=2
feature_SUMD60=2
feature_WVMA5=2
feature_VSUMP60=2
feature_HIGH0=1
feature_STD5=1
feature_RESI60=1
feature_MIN30=1
feature_QTLU20=1
feature_QTLD20=1
feature_RSV5=1
feature_RSV10=1
feature_IMXD10=1
feature_CORD5=1
feature_CNTD60=1
feature_SUMN60=1
feature_VSTD30=1
feature_VSTD60=1
feature_WVMA10=1
feature_WVMA30=1
feature_VSUMD5=1
volatility_20=1

parameters:
[boosting: gbdt]
[objective: regression]
[metric: l2]
[tree_learner: serial]
[device_type: cpu]
[data_sample_strategy: bagging]
[data: ]
[valid: ]
[num_iterations: 400]
[learning_rate: 0.05]
[num_leaves: 31]
[num_threads: 20]
[seed: 42]
[deterministic: 0]
[force_col_wise: 0]
[force_row_wise: 0]
[histogram_pool_size: -1]
[max_depth: -1]
[min_data_in_leaf: 20]
[min_sum_hessian_in_leaf: 0.001]
[bagging_fraction: 0.8]
[pos_bagging_fraction: 1]
[neg_bagging_fraction: 1]
[bagging_freq: 1]
[bagging_seed: 400]
[bagging_by_query: 0]
[feature_fraction: 0.8]
[feature_fraction_bynode: 1]
[feature_fraction_seed: 30056]
[extra_trees: 0]
[extra_seed: 12879]
[early_stopping_round: 0]
[early_stopping_min_delta: 0]
[first_metric_only: 0]
[max_delta_step: 0]
[lambda_l1: 1]
[lambda_l2: 1]
[linear_lambda: 0]
[min_gain_to_split: 0]
[drop_rate: 0.1]
[max_drop: 50]
[skip_drop: 0.5]
[xgboost_dart_mode: 0]
[uniform_drop: 0]
[drop_seed: 17869]
[top_rate: 0.2]
[other_rate: 0.1]
[min_data_per_group: 100]
[max_cat_threshold: 32]
[cat_l2: 10]
[cat_smooth: 10]
[max_cat_to_onehot: 4]
[top_k: 20]
[monotone_constraints: ]
[monotone_constraints_method: basic]
[monotone_penalty: 0]
[feature_contri: ]
[forcedsplits_filename: ]
[refit_decay_rate: 0.9]
[cegb_tradeoff: 1]
[cegb_penalty_split: 0]
[cegb_penalty_feature_lazy: ]
[cegb_penalty_feature_coupled: ]
[path_smooth: 0]
[interaction_constraints: ]
[verbosity: -1]
[saved_feature_importance_type: 0]
[use_quantized_grad: 0]
[num_grad_quant_bins: 4]
[quant_train_renew_leaf: 0]
[stochastic_rounding: 1]
[linear_tree: 0]
[max_bin: 255]
[max_bin_by_feature: ]
[min_data_in_bin: 3]
[bin_construct_sample_cnt: 200000]
[data_random_seed: 175]
[is_enable_sparse: 1]
[enable_bundle: 1]
[use_missing: 1]
[zero_as_missing: 0]
[feature_pre_filter: 1]
[pre_partition: 0]
[two_round: 0]
[header: 0]
[label_column: ]
[weight_column: ]
[group_column: ]
[ignore_column: ]
[categorical_feature: ]
[forcedbins_filename: ]
[precise_float_parser: 0]
[parser_config_file: ]
[objective_seed: 16083]
[num_class: 1]
[is_unbalance: 0]
[scale_pos_weight: 1]
[sigmoid: 1]
[boost_from_average: 1]
[reg_sqrt: 0]
[alpha: 0.9]
[fair_c: 1]
[poisson_max_delta_step: 0.7]
[tweedie_variance_power: 1.5]
[lambdarank_truncation_level: 30]
[lambdarank_norm: 1]
[label_gain: ]
[lambdarank_position_bias_regularization: 0]
[eval_at: ]
[multi_error_top_k: 1]
[auc_mu_weights: ]
[num_machines: 1]
[local_listen_port: 12400]
[time_out: 120]
[machine_list_filename: ]
[machines: ]
[gpu_platform_id: -1]
[gpu_device_id: -1]
[gpu_device_id_list: ]
[gpu_use_dp: 0]
[num_gpu: 1]

end of parameters

pandas_categorical:[]
